StageRecordID,ApplicationID,Stage,StageStartDate,StageEndDate,StageSequence
PS-000001,APP-2025-0001,Initial Screening,2025-08-13,2025-08-14,1
PS-000002,APP-2025-0001,Technical Review,2025-08-14,2025-08-20,2
PS-000003,APP-2025-0001,Financial / Cost Review,2025-08-20,2025-08-23,3
PS-000004,APP-2025-0001,Final Assessment,2025-08-23,2025-08-24,4
PS-000005,APP-2025-0001,Decision,2025-08-24,2025-08-25,5
PS-000006,APP-2025-0002,Initial Screening,2025-06-16,2025-06-21,1
PS-000007,APP-2025-0002,Technical Review,2025-06-21,2025-06-28,2
PS-000008,APP-2025-0002,Financial / Cost Review,2025-06-28,2025-06-29,3
PS-000009,APP-2025-0002,Final Assessment,2025-06-29,2025-07-02,4
PS-000010,APP-2025-0002,Decision,2025-07-02,2025-07-03,5
PS-000011,APP-2025-0003,Initial Screening,2025-09-04,2025-09-07,1
PS-000012,APP-2025-0003,Technical Review,2025-09-07,2025-09-20,2
PS-000013,APP-2025-0003,Financial / Cost Review,2025-09-20,2025-09-22,3
PS-000014,APP-2025-0003,Final Assessment,2025-09-22,2025-09-23,4
PS-000015,APP-2025-0003,Decision,2025-09-23,2025-09-25,5
PS-000016,APP-2025-0004,Initial Screening,2025-03-16,2025-03-17,1
PS-000017,APP-2025-0004,Technical Review,2025-03-17,2025-03-30,2
PS-000018,APP-2025-0004,Financial / Cost Review,2025-03-30,2025-04-05,3
PS-000019,APP-2025-0004,Final Assessment,2025-04-05,2025-04-06,4
PS-000020,APP-2025-0004,Decision,2025-04-06,2025-04-10,5
PS-000021,APP-2025-0005,Initial Screening,2025-12-21,2025-12-23,1
PS-000022,APP-2025-0005,Technical Review,2025-12-23,2025-12-25,2
PS-000023,APP-2025-0005,Financial / Cost Review,2025-12-25,2025-12-29,3
PS-000024,APP-2025-0005,Final Assessment,2025-12-29,2025-12-31,4
PS-000025,APP-2025-0005,Decision,2025-12-31,2026-01-02,5
PS-000026,APP-2025-0006,Initial Screening,2025-11-29,2025-12-01,1
PS-000027,APP-2025-0006,Technical Review,2025-12-01,,2
PS-000028,APP-2025-0007,Initial Screening,2025-10-11,2025-10-15,1
PS-000029,APP-2025-0007,Technical Review,2025-10-15,2025-10-21,2
PS-000030,APP-2025-0007,Financial / Cost Review,2025-10-21,2025-10-24,3
PS-000031,APP-2025-0007,Final Assessment,2025-10-24,2025-10-27,4
PS-000032,APP-2025-0007,Decision,2025-10-27,2025-10-28,5
PS-000033,APP-2025-0008,Initial Screening,2025-11-05,2025-11-06,1
PS-000034,APP-2025-0008,Technical Review,2025-11-06,2025-11-18,2
PS-000035,APP-2025-0008,Financial / Cost Review,2025-11-18,2025-11-25,3
PS-000036,APP-2025-0008,Final Assessment,2025-11-25,2025-11-27,4
PS-000037,APP-2025-0008,Decision,2025-11-27,2025-11-28,5
PS-000038,APP-2025-0009,Initial Screening,2025-04-28,2025-04-29,1
PS-000039,APP-2025-0009,Technical Review,2025-04-29,2025-05-09,2
PS-000040,APP-2025-0009,Financial / Cost Review,2025-05-09,,3
PS-000041,APP-2025-0010,Initial Screening,2025-07-11,2025-07-14,1
PS-000042,APP-2025-0010,Technical Review,2025-07-14,,2
PS-000043,APP-2025-0011,Initial Screening,2025-08-28,2025-08-30,1
PS-000044,APP-2025-0011,Technical Review,2025-08-30,2025-08-31,2
PS-000045,APP-2025-0011,Financial / Cost Review,2025-08-31,2025-09-14,3
PS-000046,APP-2025-0011,Final Assessment,2025-09-14,2025-09-17,4
PS-000047,APP-2025-0011,Decision,2025-09-17,2025-09-18,5
PS-000048,APP-2025-0012,Initial Screening,2025-08-16,2025-08-17,1
PS-000049,APP-2025-0012,Technical Review,2025-08-17,2025-08-20,2
PS-000050,APP-2025-0012,Financial / Cost Review,2025-08-20,,3
PS-000051,APP-2025-0013,Initial Screening,2025-08-29,2025-09-03,1
PS-000052,APP-2025-0013,Technical Review,2025-09-03,2025-09-07,2
PS-000053,APP-2025-0013,Financial / Cost Review,2025-09-07,2025-09-17,3
PS-000054,APP-2025-0013,Final Assessment,2025-09-17,2025-09-30,4
PS-000055,APP-2025-0013,Decision,2025-09-30,2025-10-02,5
PS-000056,APP-2025-0014,Initial Screening,2025-07-04,2025-07-05,1
PS-000057,APP-2025-0014,Technical Review,2025-07-05,2025-07-09,2
PS-000058,APP-2025-0014,Financial / Cost Review,2025-07-09,2025-07-11,3
PS-000059,APP-2025-0014,Final Assessment,2025-07-11,2025-07-17,4
PS-000060,APP-2025-0014,Decision,2025-07-17,2025-07-19,5
PS-000061,APP-2025-0015,Initial Screening,2025-06-26,2025-06-27,1
PS-000062,APP-2025-0015,Technical Review,2025-06-27,2025-07-01,2
PS-000063,APP-2025-0015,Financial / Cost Review,2025-07-01,2025-07-03,3
PS-000064,APP-2025-0015,Final Assessment,2025-07-03,2025-07-06,4
PS-000065,APP-2025-0015,Decision,2025-07-06,2025-07-07,5
PS-000066,APP-2025-0016,Initial Screening,2025-05-01,2025-05-05,1
PS-000067,APP-2025-0016,Technical Review,2025-05-05,2025-05-15,2
PS-000068,APP-2025-0016,Financial / Cost Review,2025-05-15,2025-05-19,3
PS-000069,APP-2025-0016,Final Assessment,2025-05-19,2025-05-25,4
PS-000070,APP-2025-0016,Decision,2025-05-25,2025-05-26,5
PS-000071,APP-2025-0017,Initial Screening,2025-08-31,2025-09-01,1
PS-000072,APP-2025-0017,Technical Review,2025-09-01,2025-09-05,2
PS-000073,APP-2025-0017,Financial / Cost Review,2025-09-05,2025-09-11,3
PS-000074,APP-2025-0017,Final Assessment,2025-09-11,2025-09-15,4
PS-000075,APP-2025-0017,Decision,2025-09-15,2025-09-16,5
PS-000076,APP-2025-0018,Initial Screening,2025-12-15,2025-12-18,1
PS-000077,APP-2025-0018,Technical Review,2025-12-18,2025-12-25,2
PS-000078,APP-2025-0018,Financial / Cost Review,2025-12-25,2026-01-03,3
PS-000079,APP-2025-0018,Final Assessment,2026-01-03,2026-01-04,4
PS-000080,APP-2025-0018,Decision,2026-01-04,2026-01-05,5
PS-000081,APP-2025-0019,Initial Screening,2025-09-13,2025-09-20,1
PS-000082,APP-2025-0019,Technical Review,2025-09-20,2025-10-07,2
PS-000083,APP-2025-0019,Financial / Cost Review,2025-10-07,2025-10-18,3
PS-000084,APP-2025-0019,Final Assessment,2025-10-18,2025-10-23,4
PS-000085,APP-2025-0019,Decision,2025-10-23,2025-10-30,5
PS-000086,APP-2025-0020,Initial Screening,2025-01-10,2025-01-12,1
PS-000087,APP-2025-0020,Technical Review,2025-01-12,2025-01-19,2
PS-000088,APP-2025-0020,Financial / Cost Review,2025-01-19,2025-01-20,3
PS-000089,APP-2025-0020,Final Assessment,2025-01-20,2025-01-25,4
PS-000090,APP-2025-0020,Decision,2025-01-25,2025-01-27,5
PS-000091,APP-2025-0021,Initial Screening,2025-06-10,2025-06-12,1
PS-000092,APP-2025-0021,Technical Review,2025-06-12,2025-06-14,2
PS-000093,APP-2025-0021,Financial / Cost Review,2025-06-14,2025-06-22,3
PS-000094,APP-2025-0021,Final Assessment,2025-06-22,2025-06-24,4
PS-000095,APP-2025-0021,Decision,2025-06-24,2025-06-25,5
PS-000096,APP-2025-0022,Initial Screening,2025-01-04,2025-01-15,1
PS-000097,APP-2025-0022,Technical Review,2025-01-15,2025-01-21,2
PS-000098,APP-2025-0022,Financial / Cost Review,2025-01-21,2025-01-26,3
PS-000099,APP-2025-0022,Final Assessment,2025-01-26,2025-01-29,4
PS-000100,APP-2025-0022,Decision,2025-01-29,2025-01-30,5
PS-000101,APP-2025-0023,Initial Screening,2025-09-20,2025-09-24,1
PS-000102,APP-2025-0023,Technical Review,2025-09-24,2025-09-30,2
PS-000103,APP-2025-0023,Financial / Cost Review,2025-09-30,,3
PS-000104,APP-2025-0024,Initial Screening,2025-08-25,2025-09-02,1
PS-000105,APP-2025-0024,Technical Review,2025-09-02,2025-09-17,2
PS-000106,APP-2025-0024,Financial / Cost Review,2025-09-17,2025-09-19,3
PS-000107,APP-2025-0024,Final Assessment,2025-09-19,2025-09-22,4
PS-000108,APP-2025-0024,Decision,2025-09-22,2025-09-23,5
PS-000109,APP-2025-0025,Initial Screening,2025-04-24,2025-04-27,1
PS-000110,APP-2025-0025,Technical Review,2025-04-27,2025-05-06,2
PS-000111,APP-2025-0025,Financial / Cost Review,2025-05-06,2025-05-10,3
PS-000112,APP-2025-0025,Final Assessment,2025-05-10,2025-05-11,4
PS-000113,APP-2025-0025,Decision,2025-05-11,2025-05-17,5
PS-000114,APP-2025-0026,Initial Screening,2025-05-05,2025-05-06,1
PS-000115,APP-2025-0026,Technical Review,2025-05-06,2025-05-13,2
PS-000116,APP-2025-0026,Financial / Cost Review,2025-05-13,,3
PS-000117,APP-2025-0027,Initial Screening,2025-10-11,2025-10-13,1
PS-000118,APP-2025-0027,Technical Review,2025-10-13,2025-10-22,2
PS-000119,APP-2025-0027,Financial / Cost Review,2025-10-22,2025-10-28,3
PS-000120,APP-2025-0027,Final Assessment,2025-10-28,2025-10-31,4
PS-000121,APP-2025-0027,Decision,2025-10-31,2025-11-03,5
PS-000122,APP-2025-0028,Initial Screening,2025-08-23,2025-08-26,1
PS-000123,APP-2025-0028,Technical Review,2025-08-26,2025-09-02,2
PS-000124,APP-2025-0028,Financial / Cost Review,2025-09-02,2025-09-04,3
PS-000125,APP-2025-0028,Final Assessment,2025-09-04,2025-09-06,4
PS-000126,APP-2025-0028,Decision,2025-09-06,2025-09-10,5
PS-000127,APP-2025-0029,Initial Screening,2025-04-30,2025-05-03,1
PS-000128,APP-2025-0029,Technical Review,2025-05-03,2025-05-10,2
PS-000129,APP-2025-0029,Financial / Cost Review,2025-05-10,2025-05-17,3
PS-000130,APP-2025-0029,Final Assessment,2025-05-17,2025-05-21,4
PS-000131,APP-2025-0029,Decision,2025-05-21,2025-05-23,5
PS-000132,APP-2025-0030,Initial Screening,2025-05-30,2025-05-31,1
PS-000133,APP-2025-0030,Technical Review,2025-05-31,2025-06-14,2
PS-000134,APP-2025-0030,Financial / Cost Review,2025-06-14,2025-06-18,3
PS-000135,APP-2025-0030,Final Assessment,2025-06-18,2025-06-20,4
PS-000136,APP-2025-0030,Decision,2025-06-20,2025-06-23,5
PS-000137,APP-2025-0031,Initial Screening,2025-11-17,2025-11-24,1
PS-000138,APP-2025-0031,Technical Review,2025-11-24,2025-11-27,2
PS-000139,APP-2025-0031,Financial / Cost Review,2025-11-27,2025-12-03,3
PS-000140,APP-2025-0031,Final Assessment,2025-12-03,2025-12-09,4
PS-000141,APP-2025-0031,Decision,2025-12-09,2025-12-12,5
PS-000142,APP-2025-0032,Initial Screening,2025-08-01,,1
PS-000143,APP-2025-0033,Initial Screening,2025-07-27,2025-07-28,1
PS-000144,APP-2025-0033,Technical Review,2025-07-28,2025-08-11,2
PS-000145,APP-2025-0033,Financial / Cost Review,2025-08-11,2025-08-15,3
PS-000146,APP-2025-0033,Final Assessment,2025-08-15,2025-08-18,4
PS-000147,APP-2025-0033,Decision,2025-08-18,2025-08-20,5
PS-000148,APP-2025-0034,Initial Screening,2025-06-01,2025-06-02,1
PS-000149,APP-2025-0034,Technical Review,2025-06-02,2025-06-21,2
PS-000150,APP-2025-0034,Financial / Cost Review,2025-06-21,2025-06-23,3
PS-000151,APP-2025-0034,Final Assessment,2025-06-23,2025-06-25,4
PS-000152,APP-2025-0034,Decision,2025-06-25,2025-06-26,5
PS-000153,APP-2025-0035,Initial Screening,2025-06-09,2025-06-12,1
PS-000154,APP-2025-0035,Technical Review,2025-06-12,2025-06-16,2
PS-000155,APP-2025-0035,Financial / Cost Review,2025-06-16,2025-06-24,3
PS-000156,APP-2025-0035,Final Assessment,2025-06-24,2025-06-28,4
PS-000157,APP-2025-0035,Decision,2025-06-28,2025-06-30,5
PS-000158,APP-2025-0036,Initial Screening,2025-03-15,2025-03-19,1
PS-000159,APP-2025-0036,Technical Review,2025-03-19,2025-03-27,2
PS-000160,APP-2025-0036,Financial / Cost Review,2025-03-27,2025-04-01,3
PS-000161,APP-2025-0036,Final Assessment,2025-04-01,2025-04-06,4
PS-000162,APP-2025-0036,Decision,2025-04-06,2025-04-07,5
PS-000163,APP-2025-0037,Initial Screening,2025-11-18,2025-11-21,1
PS-000164,APP-2025-0037,Technical Review,2025-11-21,2025-12-01,2
PS-000165,APP-2025-0037,Financial / Cost Review,2025-12-01,2025-12-10,3
PS-000166,APP-2025-0037,Final Assessment,2025-12-10,2025-12-11,4
PS-000167,APP-2025-0037,Decision,2025-12-11,2025-12-12,5
PS-000168,APP-2025-0038,Initial Screening,2025-07-06,2025-07-08,1
PS-000169,APP-2025-0038,Technical Review,2025-07-08,2025-07-10,2
PS-000170,APP-2025-0038,Financial / Cost Review,2025-07-10,2025-07-12,3
PS-000171,APP-2025-0038,Final Assessment,2025-07-12,2025-07-16,4
PS-000172,APP-2025-0038,Decision,2025-07-16,2025-07-19,5
PS-000173,APP-2025-0039,Initial Screening,2025-06-15,2025-06-16,1
PS-000174,APP-2025-0039,Technical Review,2025-06-16,2025-07-02,2
PS-000175,APP-2025-0039,Financial / Cost Review,2025-07-02,,3
PS-000176,APP-2025-0040,Initial Screening,2025-12-23,2025-12-24,1
PS-000177,APP-2025-0040,Technical Review,2025-12-24,2026-01-06,2
PS-000178,APP-2025-0040,Financial / Cost Review,2026-01-06,2026-01-10,3
PS-000179,APP-2025-0040,Final Assessment,2026-01-10,2026-01-12,4
PS-000180,APP-2025-0040,Decision,2026-01-12,2026-01-14,5
PS-000181,APP-2025-0041,Initial Screening,2025-06-08,2025-06-17,1
PS-000182,APP-2025-0041,Technical Review,2025-06-17,2025-07-12,2
PS-000183,APP-2025-0041,Financial / Cost Review,2025-07-12,2025-07-24,3
PS-000184,APP-2025-0041,Final Assessment,2025-07-24,2025-07-26,4
PS-000185,APP-2025-0041,Decision,2025-07-26,2025-07-27,5
PS-000186,APP-2025-0042,Initial Screening,2025-09-08,2025-09-10,1
PS-000187,APP-2025-0042,Technical Review,2025-09-10,2025-09-21,2
PS-000188,APP-2025-0042,Financial / Cost Review,2025-09-21,2025-09-26,3
PS-000189,APP-2025-0042,Final Assessment,2025-09-26,2025-09-30,4
PS-000190,APP-2025-0042,Decision,2025-09-30,2025-10-01,5
PS-000191,APP-2025-0043,Initial Screening,2025-10-14,2025-10-15,1
PS-000192,APP-2025-0043,Technical Review,2025-10-15,2025-10-21,2
PS-000193,APP-2025-0043,Financial / Cost Review,2025-10-21,2025-10-28,3
PS-000194,APP-2025-0043,Final Assessment,2025-10-28,2025-10-31,4
PS-000195,APP-2025-0043,Decision,2025-10-31,2025-11-02,5
PS-000196,APP-2025-0044,Initial Screening,2025-02-19,2025-02-20,1
PS-000197,APP-2025-0044,Technical Review,2025-02-20,2025-02-24,2
PS-000198,APP-2025-0044,Financial / Cost Review,2025-02-24,2025-02-27,3
PS-000199,APP-2025-0044,Final Assessment,2025-02-27,2025-03-05,4
PS-000200,APP-2025-0044,Decision,2025-03-05,2025-03-07,5
PS-000201,APP-2025-0045,Initial Screening,2025-06-03,2025-06-06,1
PS-000202,APP-2025-0045,Technical Review,2025-06-06,2025-06-13,2
PS-000203,APP-2025-0045,Financial / Cost Review,2025-06-13,2025-06-18,3
PS-000204,APP-2025-0045,Final Assessment,2025-06-18,2025-07-02,4
PS-000205,APP-2025-0045,Decision,2025-07-02,2025-07-03,5
PS-000206,APP-2025-0046,Initial Screening,2025-06-04,2025-06-07,1
PS-000207,APP-2025-0046,Technical Review,2025-06-07,2025-06-11,2
PS-000208,APP-2025-0046,Financial / Cost Review,2025-06-11,2025-06-14,3
PS-000209,APP-2025-0046,Final Assessment,2025-06-14,2025-06-17,4
PS-000210,APP-2025-0046,Decision,2025-06-17,2025-06-18,5
PS-000211,APP-2025-0047,Initial Screening,2025-01-17,2025-01-18,1
PS-000212,APP-2025-0047,Technical Review,2025-01-18,2025-01-20,2
PS-000213,APP-2025-0047,Financial / Cost Review,2025-01-20,2025-02-01,3
PS-000214,APP-2025-0047,Final Assessment,2025-02-01,2025-02-02,4
PS-000215,APP-2025-0047,Decision,2025-02-02,2025-02-04,5
PS-000216,APP-2025-0048,Initial Screening,2025-02-16,2025-02-17,1
PS-000217,APP-2025-0048,Technical Review,2025-02-17,2025-02-26,2
PS-000218,APP-2025-0048,Financial / Cost Review,2025-02-26,2025-02-28,3
PS-000219,APP-2025-0048,Final Assessment,2025-02-28,2025-03-12,4
PS-000220,APP-2025-0048,Decision,2025-03-12,2025-03-13,5
PS-000221,APP-2025-0049,Initial Screening,2025-10-01,2025-10-06,1
PS-000222,APP-2025-0049,Technical Review,2025-10-06,2025-10-24,2
PS-000223,APP-2025-0049,Financial / Cost Review,2025-10-24,2025-10-29,3
PS-000224,APP-2025-0049,Final Assessment,2025-10-29,2025-11-02,4
PS-000225,APP-2025-0049,Decision,2025-11-02,2025-11-04,5
PS-000226,APP-2025-0050,Initial Screening,2025-10-14,2025-10-16,1
PS-000227,APP-2025-0050,Technical Review,2025-10-16,2025-10-19,2
PS-000228,APP-2025-0050,Financial / Cost Review,2025-10-19,2025-10-20,3
PS-000229,APP-2025-0050,Final Assessment,2025-10-20,2025-10-23,4
PS-000230,APP-2025-0050,Decision,2025-10-23,2025-10-25,5
PS-000231,APP-2025-0051,Initial Screening,2025-01-15,,1
PS-000232,APP-2025-0052,Initial Screening,2025-11-29,2025-12-03,1
PS-000233,APP-2025-0052,Technical Review,2025-12-03,2025-12-14,2
PS-000234,APP-2025-0052,Financial / Cost Review,2025-12-14,2025-12-19,3
PS-000235,APP-2025-0052,Final Assessment,2025-12-19,2025-12-20,4
PS-000236,APP-2025-0052,Decision,2025-12-20,2025-12-21,5
PS-000237,APP-2025-0053,Initial Screening,2025-10-23,2025-10-28,1
PS-000238,APP-2025-0053,Technical Review,2025-10-28,2025-11-08,2
PS-000239,APP-2025-0053,Financial / Cost Review,2025-11-08,2025-11-10,3
PS-000240,APP-2025-0053,Final Assessment,2025-11-10,2025-11-11,4
PS-000241,APP-2025-0053,Decision,2025-11-11,2025-11-15,5
PS-000242,APP-2025-0054,Initial Screening,2025-04-09,2025-04-12,1
PS-000243,APP-2025-0054,Technical Review,2025-04-12,2025-04-20,2
PS-000244,APP-2025-0054,Financial / Cost Review,2025-04-20,2025-04-22,3
PS-000245,APP-2025-0054,Final Assessment,2025-04-22,2025-04-25,4
PS-000246,APP-2025-0054,Decision,2025-04-25,2025-04-26,5
PS-000247,APP-2025-0055,Initial Screening,2025-07-02,2025-07-03,1
PS-000248,APP-2025-0055,Technical Review,2025-07-03,2025-07-14,2
PS-000249,APP-2025-0055,Financial / Cost Review,2025-07-14,2025-07-19,3
PS-000250,APP-2025-0055,Final Assessment,2025-07-19,2025-07-22,4
PS-000251,APP-2025-0055,Decision,2025-07-22,2025-07-23,5
PS-000252,APP-2025-0056,Initial Screening,2025-03-14,2025-03-22,1
PS-000253,APP-2025-0056,Technical Review,2025-03-22,2025-03-25,2
PS-000254,APP-2025-0056,Financial / Cost Review,2025-03-25,2025-03-29,3
PS-000255,APP-2025-0056,Final Assessment,2025-03-29,2025-04-04,4
PS-000256,APP-2025-0056,Decision,2025-04-04,2025-04-05,5
PS-000257,APP-2025-0057,Initial Screening,2025-12-11,2025-12-12,1
PS-000258,APP-2025-0057,Technical Review,2025-12-12,2025-12-23,2
PS-000259,APP-2025-0057,Financial / Cost Review,2025-12-23,2025-12-31,3
PS-000260,APP-2025-0057,Final Assessment,2025-12-31,2026-01-02,4
PS-000261,APP-2025-0057,Decision,2026-01-02,2026-01-03,5
PS-000262,APP-2025-0058,Initial Screening,2025-12-21,2025-12-23,1
PS-000263,APP-2025-0058,Technical Review,2025-12-23,2025-12-29,2
PS-000264,APP-2025-0058,Financial / Cost Review,2025-12-29,2026-01-04,3
PS-000265,APP-2025-0058,Final Assessment,2026-01-04,2026-01-05,4
PS-000266,APP-2025-0058,Decision,2026-01-05,2026-01-07,5
PS-000267,APP-2025-0059,Initial Screening,2025-04-06,2025-04-07,1
PS-000268,APP-2025-0059,Technical Review,2025-04-07,2025-04-13,2
PS-000269,APP-2025-0059,Financial / Cost Review,2025-04-13,2025-04-14,3
PS-000270,APP-2025-0059,Final Assessment,2025-04-14,2025-04-17,4
PS-000271,APP-2025-0059,Decision,2025-04-17,2025-04-19,5
PS-000272,APP-2025-0060,Initial Screening,2025-03-14,2025-03-16,1
PS-000273,APP-2025-0060,Technical Review,2025-03-16,2025-03-20,2
PS-000274,APP-2025-0060,Financial / Cost Review,2025-03-20,2025-03-22,3
PS-000275,APP-2025-0060,Final Assessment,2025-03-22,2025-03-27,4
PS-000276,APP-2025-0060,Decision,2025-03-27,2025-03-30,5
PS-000277,APP-2025-0061,Initial Screening,2025-06-09,2025-06-10,1
PS-000278,APP-2025-0061,Technical Review,2025-06-10,2025-06-13,2
PS-000279,APP-2025-0061,Financial / Cost Review,2025-06-13,2025-06-17,3
PS-000280,APP-2025-0061,Final Assessment,2025-06-17,2025-06-24,4
PS-000281,APP-2025-0061,Decision,2025-06-24,2025-06-25,5
PS-000282,APP-2025-0062,Initial Screening,2025-03-21,2025-03-23,1
PS-000283,APP-2025-0062,Technical Review,2025-03-23,2025-03-31,2
PS-000284,APP-2025-0062,Financial / Cost Review,2025-03-31,2025-04-03,3
PS-000285,APP-2025-0062,Final Assessment,2025-04-03,2025-04-04,4
PS-000286,APP-2025-0062,Decision,2025-04-04,2025-04-05,5
PS-000287,APP-2025-0063,Initial Screening,2025-09-26,2025-09-27,1
PS-000288,APP-2025-0063,Technical Review,2025-09-27,2025-10-16,2
PS-000289,APP-2025-0063,Financial / Cost Review,2025-10-16,2025-10-20,3
PS-000290,APP-2025-0063,Final Assessment,2025-10-20,2025-10-22,4
PS-000291,APP-2025-0063,Decision,2025-10-22,2025-10-25,5
PS-000292,APP-2025-0064,Initial Screening,2025-04-15,2025-04-18,1
PS-000293,APP-2025-0064,Technical Review,2025-04-18,2025-04-20,2
PS-000294,APP-2025-0064,Financial / Cost Review,2025-04-20,2025-04-23,3
PS-000295,APP-2025-0064,Final Assessment,2025-04-23,2025-04-25,4
PS-000296,APP-2025-0064,Decision,2025-04-25,2025-04-26,5
PS-000297,APP-2025-0065,Initial Screening,2025-07-15,2025-07-16,1
PS-000298,APP-2025-0065,Technical Review,2025-07-16,2025-07-22,2
PS-000299,APP-2025-0065,Financial / Cost Review,2025-07-22,2025-07-28,3
PS-000300,APP-2025-0065,Final Assessment,2025-07-28,2025-08-01,4
PS-000301,APP-2025-0065,Decision,2025-08-01,2025-08-02,5
PS-000302,APP-2025-0066,Initial Screening,2025-03-08,2025-03-13,1
PS-000303,APP-2025-0066,Technical Review,2025-03-13,2025-03-17,2
PS-000304,APP-2025-0066,Financial / Cost Review,2025-03-17,2025-03-21,3
PS-000305,APP-2025-0066,Final Assessment,2025-03-21,2025-03-25,4
PS-000306,APP-2025-0066,Decision,2025-03-25,2025-03-26,5
PS-000307,APP-2025-0067,Initial Screening,2025-05-26,2025-06-02,1
PS-000308,APP-2025-0067,Technical Review,2025-06-02,2025-06-08,2
PS-000309,APP-2025-0067,Financial / Cost Review,2025-06-08,2025-06-14,3
PS-000310,APP-2025-0067,Final Assessment,2025-06-14,2025-06-18,4
PS-000311,APP-2025-0067,Decision,2025-06-18,2025-06-20,5
PS-000312,APP-2025-0068,Initial Screening,2025-04-15,2025-04-16,1
PS-000313,APP-2025-0068,Technical Review,2025-04-16,2025-04-21,2
PS-000314,APP-2025-0068,Financial / Cost Review,2025-04-21,2025-04-26,3
PS-000315,APP-2025-0068,Final Assessment,2025-04-26,2025-05-03,4
PS-000316,APP-2025-0068,Decision,2025-05-03,2025-05-04,5
PS-000317,APP-2025-0069,Initial Screening,2025-07-09,2025-07-13,1
PS-000318,APP-2025-0069,Technical Review,2025-07-13,2025-07-16,2
PS-000319,APP-2025-0069,Financial / Cost Review,2025-07-16,2025-07-17,3
PS-000320,APP-2025-0069,Final Assessment,2025-07-17,2025-07-22,4
PS-000321,APP-2025-0069,Decision,2025-07-22,2025-07-23,5
PS-000322,APP-2025-0070,Initial Screening,2025-09-12,2025-09-15,1
PS-000323,APP-2025-0070,Technical Review,2025-09-15,2025-10-25,2
PS-000324,APP-2025-0070,Financial / Cost Review,2025-10-25,2025-10-29,3
PS-000325,APP-2025-0070,Final Assessment,2025-10-29,2025-11-01,4
PS-000326,APP-2025-0070,Decision,2025-11-01,2025-11-06,5
PS-000327,APP-2025-0071,Initial Screening,2025-01-14,2025-01-16,1
PS-000328,APP-2025-0071,Technical Review,2025-01-16,,2
PS-000329,APP-2025-0072,Initial Screening,2025-11-26,2025-11-28,1
PS-000330,APP-2025-0072,Technical Review,2025-11-28,2025-12-21,2
PS-000331,APP-2025-0072,Financial / Cost Review,2025-12-21,2025-12-26,3
PS-000332,APP-2025-0072,Final Assessment,2025-12-26,2025-12-29,4
PS-000333,APP-2025-0072,Decision,2025-12-29,2025-12-31,5
PS-000334,APP-2025-0073,Initial Screening,2025-11-23,2025-11-24,1
PS-000335,APP-2025-0073,Technical Review,2025-11-24,2025-12-02,2
PS-000336,APP-2025-0073,Financial / Cost Review,2025-12-02,,3
PS-000337,APP-2025-0074,Initial Screening,2025-07-11,2025-07-15,1
PS-000338,APP-2025-0074,Technical Review,2025-07-15,2025-07-23,2
PS-000339,APP-2025-0074,Financial / Cost Review,2025-07-23,2025-07-24,3
PS-000340,APP-2025-0074,Final Assessment,2025-07-24,2025-07-31,4
PS-000341,APP-2025-0074,Decision,2025-07-31,2025-08-02,5
PS-000342,APP-2025-0075,Initial Screening,2025-02-26,2025-02-27,1
PS-000343,APP-2025-0075,Technical Review,2025-02-27,2025-03-01,2
PS-000344,APP-2025-0075,Financial / Cost Review,2025-03-01,2025-03-05,3
PS-000345,APP-2025-0075,Final Assessment,2025-03-05,2025-03-07,4
PS-000346,APP-2025-0075,Decision,2025-03-07,2025-03-09,5
PS-000347,APP-2025-0076,Initial Screening,2025-07-27,2025-07-29,1
PS-000348,APP-2025-0076,Technical Review,2025-07-29,2025-08-05,2
PS-000349,APP-2025-0076,Financial / Cost Review,2025-08-05,,3
PS-000350,APP-2025-0077,Initial Screening,2025-08-16,2025-08-17,1
PS-000351,APP-2025-0077,Technical Review,2025-08-17,2025-08-29,2
PS-000352,APP-2025-0077,Financial / Cost Review,2025-08-29,2025-09-01,3
PS-000353,APP-2025-0077,Final Assessment,2025-09-01,,4
PS-000354,APP-2025-0078,Initial Screening,2025-02-21,2025-02-24,1
PS-000355,APP-2025-0078,Technical Review,2025-02-24,2025-02-28,2
PS-000356,APP-2025-0078,Financial / Cost Review,2025-02-28,2025-03-04,3
PS-000357,APP-2025-0078,Final Assessment,2025-03-04,2025-03-06,4
PS-000358,APP-2025-0078,Decision,2025-03-06,2025-03-08,5
PS-000359,APP-2025-0079,Initial Screening,2025-10-08,2025-10-12,1
PS-000360,APP-2025-0079,Technical Review,2025-10-12,2025-10-18,2
PS-000361,APP-2025-0079,Financial / Cost Review,2025-10-18,2025-10-20,3
PS-000362,APP-2025-0079,Final Assessment,2025-10-20,2025-10-23,4
PS-000363,APP-2025-0079,Decision,2025-10-23,2025-10-24,5
PS-000364,APP-2025-0080,Initial Screening,2025-02-22,2025-02-23,1
PS-000365,APP-2025-0080,Technical Review,2025-02-23,2025-02-28,2
PS-000366,APP-2025-0080,Financial / Cost Review,2025-02-28,2025-03-07,3
PS-000367,APP-2025-0080,Final Assessment,2025-03-07,2025-03-10,4
PS-000368,APP-2025-0080,Decision,2025-03-10,2025-03-11,5
PS-000369,APP-2025-0081,Initial Screening,2025-05-03,2025-05-06,1
PS-000370,APP-2025-0081,Technical Review,2025-05-06,2025-05-14,2
PS-000371,APP-2025-0081,Financial / Cost Review,2025-05-14,2025-05-16,3
PS-000372,APP-2025-0081,Final Assessment,2025-05-16,,4
PS-000373,APP-2025-0082,Initial Screening,2025-05-24,2025-05-31,1
PS-000374,APP-2025-0082,Technical Review,2025-05-31,2025-06-27,2
PS-000375,APP-2025-0082,Financial / Cost Review,2025-06-27,2025-07-12,3
PS-000376,APP-2025-0082,Final Assessment,2025-07-12,2025-07-13,4
PS-000377,APP-2025-0082,Decision,2025-07-13,2025-07-16,5
PS-000378,APP-2025-0083,Initial Screening,2025-04-02,2025-04-03,1
PS-000379,APP-2025-0083,Technical Review,2025-04-03,2025-04-14,2
PS-000380,APP-2025-0083,Financial / Cost Review,2025-04-14,2025-04-24,3
PS-000381,APP-2025-0083,Final Assessment,2025-04-24,2025-04-27,4
PS-000382,APP-2025-0083,Decision,2025-04-27,2025-05-01,5
PS-000383,APP-2025-0084,Initial Screening,2025-05-12,2025-05-16,1
PS-000384,APP-2025-0084,Technical Review,2025-05-16,2025-05-18,2
PS-000385,APP-2025-0084,Financial / Cost Review,2025-05-18,2025-05-20,3
PS-000386,APP-2025-0084,Final Assessment,2025-05-20,2025-05-23,4
PS-000387,APP-2025-0084,Decision,2025-05-23,2025-05-24,5
PS-000388,APP-2025-0085,Initial Screening,2025-12-01,2025-12-06,1
PS-000389,APP-2025-0085,Technical Review,2025-12-06,2025-12-17,2
PS-000390,APP-2025-0085,Financial / Cost Review,2025-12-17,2025-12-19,3
PS-000391,APP-2025-0085,Final Assessment,2025-12-19,2025-12-24,4
PS-000392,APP-2025-0085,Decision,2025-12-24,2025-12-26,5
PS-000393,APP-2025-0086,Initial Screening,2025-03-08,2025-03-10,1
PS-000394,APP-2025-0086,Technical Review,2025-03-10,2025-03-13,2
PS-000395,APP-2025-0086,Financial / Cost Review,2025-03-13,2025-03-14,3
PS-000396,APP-2025-0086,Final Assessment,2025-03-14,2025-03-23,4
PS-000397,APP-2025-0086,Decision,2025-03-23,2025-03-25,5
PS-000398,APP-2025-0087,Initial Screening,2025-07-21,2025-07-22,1
PS-000399,APP-2025-0087,Technical Review,2025-07-22,2025-07-29,2
PS-000400,APP-2025-0087,Financial / Cost Review,2025-07-29,2025-08-06,3
PS-000401,APP-2025-0087,Final Assessment,2025-08-06,2025-08-12,4
PS-000402,APP-2025-0087,Decision,2025-08-12,2025-08-13,5
PS-000403,APP-2025-0088,Initial Screening,2025-06-02,2025-06-04,1
PS-000404,APP-2025-0088,Technical Review,2025-06-04,2025-06-17,2
PS-000405,APP-2025-0088,Financial / Cost Review,2025-06-17,2025-06-20,3
PS-000406,APP-2025-0088,Final Assessment,2025-06-20,2025-06-29,4
PS-000407,APP-2025-0088,Decision,2025-06-29,2025-07-01,5
PS-000408,APP-2025-0089,Initial Screening,2025-03-23,2025-03-27,1
PS-000409,APP-2025-0089,Technical Review,2025-03-27,2025-04-08,2
PS-000410,APP-2025-0089,Financial / Cost Review,2025-04-08,2025-04-13,3
PS-000411,APP-2025-0089,Final Assessment,2025-04-13,2025-04-16,4
PS-000412,APP-2025-0089,Decision,2025-04-16,2025-04-18,5
PS-000413,APP-2025-0090,Initial Screening,2025-07-14,2025-07-23,1
PS-000414,APP-2025-0090,Technical Review,2025-07-23,2025-07-25,2
PS-000415,APP-2025-0090,Financial / Cost Review,2025-07-25,2025-08-01,3
PS-000416,APP-2025-0090,Final Assessment,2025-08-01,2025-08-05,4
PS-000417,APP-2025-0090,Decision,2025-08-05,2025-08-08,5
PS-000418,APP-2025-0091,Initial Screening,2025-11-24,2025-11-26,1
PS-000419,APP-2025-0091,Technical Review,2025-11-26,2025-12-11,2
PS-000420,APP-2025-0091,Financial / Cost Review,2025-12-11,2025-12-14,3
PS-000421,APP-2025-0091,Final Assessment,2025-12-14,2025-12-16,4
PS-000422,APP-2025-0091,Decision,2025-12-16,2025-12-17,5
PS-000423,APP-2025-0092,Initial Screening,2025-09-14,2025-10-03,1
PS-000424,APP-2025-0092,Technical Review,2025-10-03,2025-10-15,2
PS-000425,APP-2025-0092,Financial / Cost Review,2025-10-15,2025-10-20,3
PS-000426,APP-2025-0092,Final Assessment,2025-10-20,2025-10-24,4
PS-000427,APP-2025-0092,Decision,2025-10-24,2025-10-29,5
PS-000428,APP-2025-0093,Initial Screening,2025-10-09,2025-10-16,1
PS-000429,APP-2025-0093,Technical Review,2025-10-16,2025-10-20,2
PS-000430,APP-2025-0093,Financial / Cost Review,2025-10-20,2025-10-23,3
PS-000431,APP-2025-0093,Final Assessment,2025-10-23,2025-10-25,4
PS-000432,APP-2025-0093,Decision,2025-10-25,2025-10-27,5
PS-000433,APP-2025-0094,Initial Screening,2025-04-11,2025-04-14,1
PS-000434,APP-2025-0094,Technical Review,2025-04-14,2025-04-28,2
PS-000435,APP-2025-0094,Financial / Cost Review,2025-04-28,2025-04-29,3
PS-000436,APP-2025-0094,Final Assessment,2025-04-29,2025-04-30,4
PS-000437,APP-2025-0094,Decision,2025-04-30,2025-05-05,5
PS-000438,APP-2025-0095,Initial Screening,2025-07-01,2025-07-06,1
PS-000439,APP-2025-0095,Technical Review,2025-07-06,2025-07-12,2
PS-000440,APP-2025-0095,Financial / Cost Review,2025-07-12,2025-07-17,3
PS-000441,APP-2025-0095,Final Assessment,2025-07-17,2025-07-22,4
PS-000442,APP-2025-0095,Decision,2025-07-22,2025-07-26,5
PS-000443,APP-2025-0096,Initial Screening,2025-04-05,2025-04-06,1
PS-000444,APP-2025-0096,Technical Review,2025-04-06,2025-04-19,2
PS-000445,APP-2025-0096,Financial / Cost Review,2025-04-19,2025-04-25,3
PS-000446,APP-2025-0096,Final Assessment,2025-04-25,2025-05-01,4
PS-000447,APP-2025-0096,Decision,2025-05-01,2025-05-03,5
PS-000448,APP-2025-0097,Initial Screening,2025-08-25,2025-08-29,1
PS-000449,APP-2025-0097,Technical Review,2025-08-29,2025-08-31,2
PS-000450,APP-2025-0097,Financial / Cost Review,2025-08-31,,3
PS-000451,APP-2025-0098,Initial Screening,2025-07-07,2025-07-08,1
PS-000452,APP-2025-0098,Technical Review,2025-07-08,2025-07-23,2
PS-000453,APP-2025-0098,Financial / Cost Review,2025-07-23,2025-07-25,3
PS-000454,APP-2025-0098,Final Assessment,2025-07-25,2025-08-01,4
PS-000455,APP-2025-0098,Decision,2025-08-01,2025-08-03,5
PS-000456,APP-2025-0099,Initial Screening,2025-01-27,2025-01-31,1
PS-000457,APP-2025-0099,Technical Review,2025-01-31,2025-02-16,2
PS-000458,APP-2025-0099,Financial / Cost Review,2025-02-16,2025-02-17,3
PS-000459,APP-2025-0099,Final Assessment,2025-02-17,2025-02-19,4
PS-000460,APP-2025-0099,Decision,2025-02-19,2025-02-21,5
PS-000461,APP-2025-0100,Initial Screening,2025-07-26,2025-07-28,1
PS-000462,APP-2025-0100,Technical Review,2025-07-28,2025-07-31,2
PS-000463,APP-2025-0100,Financial / Cost Review,2025-07-31,2025-08-05,3
PS-000464,APP-2025-0100,Final Assessment,2025-08-05,2025-08-07,4
PS-000465,APP-2025-0100,Decision,2025-08-07,2025-08-08,5
PS-000466,APP-2025-0101,Initial Screening,2025-04-24,2025-05-01,1
PS-000467,APP-2025-0101,Technical Review,2025-05-01,2025-05-13,2
PS-000468,APP-2025-0101,Financial / Cost Review,2025-05-13,2025-05-25,3
PS-000469,APP-2025-0101,Final Assessment,2025-05-25,2025-06-06,4
PS-000470,APP-2025-0101,Decision,2025-06-06,2025-06-08,5
PS-000471,APP-2025-0102,Initial Screening,2025-10-03,2025-10-05,1
PS-000472,APP-2025-0102,Technical Review,2025-10-05,2025-10-23,2
PS-000473,APP-2025-0102,Financial / Cost Review,2025-10-23,2025-10-27,3
PS-000474,APP-2025-0102,Final Assessment,2025-10-27,2025-10-28,4
PS-000475,APP-2025-0102,Decision,2025-10-28,2025-10-29,5
PS-000476,APP-2025-0103,Initial Screening,2025-11-06,2025-11-11,1
PS-000477,APP-2025-0103,Technical Review,2025-11-11,2025-11-12,2
PS-000478,APP-2025-0103,Financial / Cost Review,2025-11-12,2025-11-15,3
PS-000479,APP-2025-0103,Final Assessment,2025-11-15,2025-11-23,4
PS-000480,APP-2025-0103,Decision,2025-11-23,2025-11-25,5
PS-000481,APP-2025-0104,Initial Screening,2025-08-21,2025-08-23,1
PS-000482,APP-2025-0104,Technical Review,2025-08-23,2025-08-30,2
PS-000483,APP-2025-0104,Financial / Cost Review,2025-08-30,2025-09-09,3
PS-000484,APP-2025-0104,Final Assessment,2025-09-09,2025-09-11,4
PS-000485,APP-2025-0104,Decision,2025-09-11,2025-09-12,5
PS-000486,APP-2025-0105,Initial Screening,2025-07-08,2025-07-18,1
PS-000487,APP-2025-0105,Technical Review,2025-07-18,2025-07-25,2
PS-000488,APP-2025-0105,Financial / Cost Review,2025-07-25,2025-07-31,3
PS-000489,APP-2025-0105,Final Assessment,2025-07-31,2025-08-08,4
PS-000490,APP-2025-0105,Decision,2025-08-08,2025-08-09,5
PS-000491,APP-2025-0106,Initial Screening,2025-06-07,2025-06-10,1
PS-000492,APP-2025-0106,Technical Review,2025-06-10,2025-06-11,2
PS-000493,APP-2025-0106,Financial / Cost Review,2025-06-11,2025-06-13,3
PS-000494,APP-2025-0106,Final Assessment,2025-06-13,,4
PS-000495,APP-2025-0107,Initial Screening,2025-08-20,2025-08-22,1
PS-000496,APP-2025-0107,Technical Review,2025-08-22,2025-08-31,2
PS-000497,APP-2025-0107,Financial / Cost Review,2025-08-31,2025-09-01,3
PS-000498,APP-2025-0107,Final Assessment,2025-09-01,2025-09-04,4
PS-000499,APP-2025-0107,Decision,2025-09-04,2025-09-05,5
PS-000500,APP-2025-0108,Initial Screening,2025-07-25,2025-07-26,1
PS-000501,APP-2025-0108,Technical Review,2025-07-26,2025-07-28,2
PS-000502,APP-2025-0108,Financial / Cost Review,2025-07-28,2025-07-31,3
PS-000503,APP-2025-0108,Final Assessment,2025-07-31,,4
PS-000504,APP-2025-0109,Initial Screening,2025-04-16,2025-04-18,1
PS-000505,APP-2025-0109,Technical Review,2025-04-18,,2
PS-000506,APP-2025-0110,Initial Screening,2025-11-19,2025-11-20,1
PS-000507,APP-2025-0110,Technical Review,2025-11-20,,2
PS-000508,APP-2025-0111,Initial Screening,2025-01-21,2025-01-23,1
PS-000509,APP-2025-0111,Technical Review,2025-01-23,2025-01-30,2
PS-000510,APP-2025-0111,Financial / Cost Review,2025-01-30,2025-02-01,3
PS-000511,APP-2025-0111,Final Assessment,2025-02-01,,4
PS-000512,APP-2025-0112,Initial Screening,2025-07-03,2025-07-04,1
PS-000513,APP-2025-0112,Technical Review,2025-07-04,2025-07-07,2
PS-000514,APP-2025-0112,Financial / Cost Review,2025-07-07,2025-07-08,3
PS-000515,APP-2025-0112,Final Assessment,2025-07-08,2025-07-11,4
PS-000516,APP-2025-0112,Decision,2025-07-11,2025-07-15,5
PS-000517,APP-2025-0113,Initial Screening,2025-04-12,2025-04-14,1
PS-000518,APP-2025-0113,Technical Review,2025-04-14,2025-04-22,2
PS-000519,APP-2025-0113,Financial / Cost Review,2025-04-22,2025-04-24,3
PS-000520,APP-2025-0113,Final Assessment,2025-04-24,2025-04-25,4
PS-000521,APP-2025-0113,Decision,2025-04-25,2025-04-26,5
PS-000522,APP-2025-0114,Initial Screening,2025-04-06,2025-04-12,1
PS-000523,APP-2025-0114,Technical Review,2025-04-12,2025-04-17,2
PS-000524,APP-2025-0114,Financial / Cost Review,2025-04-17,2025-04-19,3
PS-000525,APP-2025-0114,Final Assessment,2025-04-19,2025-04-24,4
PS-000526,APP-2025-0114,Decision,2025-04-24,2025-04-26,5
PS-000527,APP-2025-0115,Initial Screening,2025-09-04,2025-09-11,1
PS-000528,APP-2025-0115,Technical Review,2025-09-11,2025-09-20,2
PS-000529,APP-2025-0115,Financial / Cost Review,2025-09-20,2025-09-28,3
PS-000530,APP-2025-0115,Final Assessment,2025-09-28,2025-10-03,4
PS-000531,APP-2025-0115,Decision,2025-10-03,2025-10-06,5
PS-000532,APP-2025-0116,Initial Screening,2025-07-06,2025-07-08,1
PS-000533,APP-2025-0116,Technical Review,2025-07-08,2025-07-14,2
PS-000534,APP-2025-0116,Financial / Cost Review,2025-07-14,2025-07-20,3
PS-000535,APP-2025-0116,Final Assessment,2025-07-20,2025-07-23,4
PS-000536,APP-2025-0116,Decision,2025-07-23,2025-07-25,5
PS-000537,APP-2025-0117,Initial Screening,2025-10-22,2025-10-25,1
PS-000538,APP-2025-0117,Technical Review,2025-10-25,2025-11-02,2
PS-000539,APP-2025-0117,Financial / Cost Review,2025-11-02,2025-11-08,3
PS-000540,APP-2025-0117,Final Assessment,2025-11-08,2025-11-10,4
PS-000541,APP-2025-0117,Decision,2025-11-10,2025-11-11,5
PS-000542,APP-2025-0118,Initial Screening,2025-05-04,2025-05-11,1
PS-000543,APP-2025-0118,Technical Review,2025-05-11,2025-05-16,2
PS-000544,APP-2025-0118,Financial / Cost Review,2025-05-16,2025-05-22,3
PS-000545,APP-2025-0118,Final Assessment,2025-05-22,2025-05-23,4
PS-000546,APP-2025-0118,Decision,2025-05-23,2025-05-26,5
PS-000547,APP-2025-0119,Initial Screening,2025-12-04,2025-12-08,1
PS-000548,APP-2025-0119,Technical Review,2025-12-08,2025-12-10,2
PS-000549,APP-2025-0119,Financial / Cost Review,2025-12-10,2025-12-16,3
PS-000550,APP-2025-0119,Final Assessment,2025-12-16,,4
PS-000551,APP-2025-0120,Initial Screening,2025-11-26,2025-11-27,1
PS-000552,APP-2025-0120,Technical Review,2025-11-27,2025-12-03,2
PS-000553,APP-2025-0120,Financial / Cost Review,2025-12-03,2025-12-08,3
PS-000554,APP-2025-0120,Final Assessment,2025-12-08,2025-12-09,4
PS-000555,APP-2025-0120,Decision,2025-12-09,2025-12-13,5
PS-000556,APP-2025-0121,Initial Screening,2025-04-04,2025-04-08,1
PS-000557,APP-2025-0121,Technical Review,2025-04-08,2025-04-16,2
PS-000558,APP-2025-0121,Financial / Cost Review,2025-04-16,2025-04-18,3
PS-000559,APP-2025-0121,Final Assessment,2025-04-18,2025-04-25,4
PS-000560,APP-2025-0121,Decision,2025-04-25,2025-04-26,5
PS-000561,APP-2025-0122,Initial Screening,2025-01-23,2025-01-24,1
PS-000562,APP-2025-0122,Technical Review,2025-01-24,2025-01-31,2
PS-000563,APP-2025-0122,Financial / Cost Review,2025-01-31,2025-02-03,3
PS-000564,APP-2025-0122,Final Assessment,2025-02-03,2025-02-06,4
PS-000565,APP-2025-0122,Decision,2025-02-06,2025-02-07,5
PS-000566,APP-2025-0123,Initial Screening,2025-05-17,2025-05-19,1
PS-000567,APP-2025-0123,Technical Review,2025-05-19,2025-05-23,2
PS-000568,APP-2025-0123,Financial / Cost Review,2025-05-23,2025-05-24,3
PS-000569,APP-2025-0123,Final Assessment,2025-05-24,2025-05-27,4
PS-000570,APP-2025-0123,Decision,2025-05-27,2025-05-29,5
PS-000571,APP-2025-0124,Initial Screening,2025-12-07,2025-12-09,1
PS-000572,APP-2025-0124,Technical Review,2025-12-09,2025-12-14,2
PS-000573,APP-2025-0124,Financial / Cost Review,2025-12-14,2025-12-16,3
PS-000574,APP-2025-0124,Final Assessment,2025-12-16,,4
PS-000575,APP-2025-0125,Initial Screening,2025-08-28,2025-08-30,1
PS-000576,APP-2025-0125,Technical Review,2025-08-30,2025-09-02,2
PS-000577,APP-2025-0125,Financial / Cost Review,2025-09-02,2025-09-08,3
PS-000578,APP-2025-0125,Final Assessment,2025-09-08,2025-09-12,4
PS-000579,APP-2025-0125,Decision,2025-09-12,2025-09-15,5
PS-000580,APP-2025-0126,Initial Screening,2025-06-11,2025-06-13,1
PS-000581,APP-2025-0126,Technical Review,2025-06-13,2025-06-17,2
PS-000582,APP-2025-0126,Financial / Cost Review,2025-06-17,2025-06-24,3
PS-000583,APP-2025-0126,Final Assessment,2025-06-24,2025-06-28,4
PS-000584,APP-2025-0126,Decision,2025-06-28,2025-07-01,5
PS-000585,APP-2025-0127,Initial Screening,2025-09-28,2025-09-29,1
PS-000586,APP-2025-0127,Technical Review,2025-09-29,2025-10-06,2
PS-000587,APP-2025-0127,Financial / Cost Review,2025-10-06,2025-10-10,3
PS-000588,APP-2025-0127,Final Assessment,2025-10-10,2025-10-13,4
PS-000589,APP-2025-0127,Decision,2025-10-13,2025-10-15,5
PS-000590,APP-2025-0128,Initial Screening,2025-09-30,2025-10-01,1
PS-000591,APP-2025-0128,Technical Review,2025-10-01,2025-10-07,2
PS-000592,APP-2025-0128,Financial / Cost Review,2025-10-07,2025-10-09,3
PS-000593,APP-2025-0128,Final Assessment,2025-10-09,2025-10-13,4
PS-000594,APP-2025-0128,Decision,2025-10-13,2025-10-14,5
PS-000595,APP-2025-0129,Initial Screening,2025-09-06,2025-09-08,1
PS-000596,APP-2025-0129,Technical Review,2025-09-08,2025-09-20,2
PS-000597,APP-2025-0129,Financial / Cost Review,2025-09-20,2025-09-24,3
PS-000598,APP-2025-0129,Final Assessment,2025-09-24,2025-09-29,4
PS-000599,APP-2025-0129,Decision,2025-09-29,2025-10-03,5
PS-000600,APP-2025-0130,Initial Screening,2025-05-09,2025-05-12,1
PS-000601,APP-2025-0130,Technical Review,2025-05-12,2025-05-20,2
PS-000602,APP-2025-0130,Financial / Cost Review,2025-05-20,2025-05-23,3
PS-000603,APP-2025-0130,Final Assessment,2025-05-23,2025-05-27,4
PS-000604,APP-2025-0130,Decision,2025-05-27,2025-05-31,5
PS-000605,APP-2025-0131,Initial Screening,2025-03-13,2025-03-15,1
PS-000606,APP-2025-0131,Technical Review,2025-03-15,2025-03-22,2
PS-000607,APP-2025-0131,Financial / Cost Review,2025-03-22,2025-03-26,3
PS-000608,APP-2025-0131,Final Assessment,2025-03-26,2025-03-30,4
PS-000609,APP-2025-0131,Decision,2025-03-30,2025-03-31,5
PS-000610,APP-2025-0132,Initial Screening,2025-08-04,2025-08-05,1
PS-000611,APP-2025-0132,Technical Review,2025-08-05,2025-08-08,2
PS-000612,APP-2025-0132,Financial / Cost Review,2025-08-08,2025-08-13,3
PS-000613,APP-2025-0132,Final Assessment,2025-08-13,2025-08-19,4
PS-000614,APP-2025-0132,Decision,2025-08-19,2025-08-20,5
PS-000615,APP-2025-0133,Initial Screening,2025-08-06,2025-08-09,1
PS-000616,APP-2025-0133,Technical Review,2025-08-09,2025-08-19,2
PS-000617,APP-2025-0133,Financial / Cost Review,2025-08-19,2025-08-25,3
PS-000618,APP-2025-0133,Final Assessment,2025-08-25,2025-08-27,4
PS-000619,APP-2025-0133,Decision,2025-08-27,2025-08-28,5
PS-000620,APP-2025-0134,Initial Screening,2025-07-07,2025-07-09,1
PS-000621,APP-2025-0134,Technical Review,2025-07-09,2025-07-20,2
PS-000622,APP-2025-0134,Financial / Cost Review,2025-07-20,2025-07-24,3
PS-000623,APP-2025-0134,Final Assessment,2025-07-24,2025-07-29,4
PS-000624,APP-2025-0134,Decision,2025-07-29,2025-07-30,5
PS-000625,APP-2025-0135,Initial Screening,2025-07-06,2025-07-07,1
PS-000626,APP-2025-0135,Technical Review,2025-07-07,2025-07-13,2
PS-000627,APP-2025-0135,Financial / Cost Review,2025-07-13,2025-07-15,3
PS-000628,APP-2025-0135,Final Assessment,2025-07-15,2025-07-17,4
PS-000629,APP-2025-0135,Decision,2025-07-17,2025-07-19,5
PS-000630,APP-2025-0136,Initial Screening,2025-08-28,2025-09-01,1
PS-000631,APP-2025-0136,Technical Review,2025-09-01,2025-09-03,2
PS-000632,APP-2025-0136,Financial / Cost Review,2025-09-03,2025-09-06,3
PS-000633,APP-2025-0136,Final Assessment,2025-09-06,2025-09-09,4
PS-000634,APP-2025-0136,Decision,2025-09-09,2025-09-10,5
PS-000635,APP-2025-0137,Initial Screening,2025-10-31,,1
PS-000636,APP-2025-0138,Initial Screening,2025-05-28,2025-05-30,1
PS-000637,APP-2025-0138,Technical Review,2025-05-30,2025-06-10,2
PS-000638,APP-2025-0138,Financial / Cost Review,2025-06-10,2025-06-12,3
PS-000639,APP-2025-0138,Final Assessment,2025-06-12,2025-06-19,4
PS-000640,APP-2025-0138,Decision,2025-06-19,2025-06-20,5
PS-000641,APP-2025-0139,Initial Screening,2025-11-21,2025-11-22,1
PS-000642,APP-2025-0139,Technical Review,2025-11-22,,2
PS-000643,APP-2025-0140,Initial Screening,2025-02-25,2025-02-27,1
PS-000644,APP-2025-0140,Technical Review,2025-02-27,2025-03-06,2
PS-000645,APP-2025-0140,Financial / Cost Review,2025-03-06,2025-03-07,3
PS-000646,APP-2025-0140,Final Assessment,2025-03-07,2025-03-09,4
PS-000647,APP-2025-0140,Decision,2025-03-09,2025-03-10,5
PS-000648,APP-2025-0141,Initial Screening,2025-09-08,2025-09-10,1
PS-000649,APP-2025-0141,Technical Review,2025-09-10,2025-09-25,2
PS-000650,APP-2025-0141,Financial / Cost Review,2025-09-25,2025-10-01,3
PS-000651,APP-2025-0141,Final Assessment,2025-10-01,2025-10-03,4
PS-000652,APP-2025-0141,Decision,2025-10-03,2025-10-04,5
PS-000653,APP-2025-0142,Initial Screening,2025-05-19,2025-05-20,1
PS-000654,APP-2025-0142,Technical Review,2025-05-20,2025-05-28,2
PS-000655,APP-2025-0142,Financial / Cost Review,2025-05-28,2025-06-01,3
PS-000656,APP-2025-0142,Final Assessment,2025-06-01,2025-06-03,4
PS-000657,APP-2025-0142,Decision,2025-06-03,2025-06-05,5
PS-000658,APP-2025-0143,Initial Screening,2025-09-13,2025-09-15,1
PS-000659,APP-2025-0143,Technical Review,2025-09-15,2025-09-27,2
PS-000660,APP-2025-0143,Financial / Cost Review,2025-09-27,2025-09-30,3
PS-000661,APP-2025-0143,Final Assessment,2025-09-30,2025-10-03,4
PS-000662,APP-2025-0143,Decision,2025-10-03,2025-10-05,5
PS-000663,APP-2025-0144,Initial Screening,2025-12-08,2025-12-09,1
PS-000664,APP-2025-0144,Technical Review,2025-12-09,2025-12-24,2
PS-000665,APP-2025-0144,Financial / Cost Review,2025-12-24,2025-12-30,3
PS-000666,APP-2025-0144,Final Assessment,2025-12-30,2026-01-01,4
PS-000667,APP-2025-0144,Decision,2026-01-01,2026-01-05,5
PS-000668,APP-2025-0145,Initial Screening,2025-10-20,2025-10-22,1
PS-000669,APP-2025-0145,Technical Review,2025-10-22,2025-10-29,2
PS-000670,APP-2025-0145,Financial / Cost Review,2025-10-29,2025-10-31,3
PS-000671,APP-2025-0145,Final Assessment,2025-10-31,2025-11-04,4
PS-000672,APP-2025-0145,Decision,2025-11-04,2025-11-05,5
PS-000673,APP-2025-0146,Initial Screening,2025-06-28,2025-06-30,1
PS-000674,APP-2025-0146,Technical Review,2025-06-30,2025-07-05,2
PS-000675,APP-2025-0146,Financial / Cost Review,2025-07-05,2025-07-11,3
PS-000676,APP-2025-0146,Final Assessment,2025-07-11,2025-07-12,4
PS-000677,APP-2025-0146,Decision,2025-07-12,2025-07-13,5
PS-000678,APP-2025-0147,Initial Screening,2025-02-10,2025-02-11,1
PS-000679,APP-2025-0147,Technical Review,2025-02-11,2025-02-14,2
PS-000680,APP-2025-0147,Financial / Cost Review,2025-02-14,2025-02-15,3
PS-000681,APP-2025-0147,Final Assessment,2025-02-15,2025-02-16,4
PS-000682,APP-2025-0147,Decision,2025-02-16,2025-02-18,5
PS-000683,APP-2025-0148,Initial Screening,2025-02-09,2025-02-10,1
PS-000684,APP-2025-0148,Technical Review,2025-02-10,2025-02-14,2
PS-000685,APP-2025-0148,Financial / Cost Review,2025-02-14,2025-02-15,3
PS-000686,APP-2025-0148,Final Assessment,2025-02-15,2025-02-16,4
PS-000687,APP-2025-0148,Decision,2025-02-16,2025-02-17,5
PS-000688,APP-2025-0149,Initial Screening,2025-07-06,2025-07-09,1
PS-000689,APP-2025-0149,Technical Review,2025-07-09,2025-07-21,2
PS-000690,APP-2025-0149,Financial / Cost Review,2025-07-21,2025-07-25,3
PS-000691,APP-2025-0149,Final Assessment,2025-07-25,2025-07-30,4
PS-000692,APP-2025-0149,Decision,2025-07-30,2025-08-01,5
PS-000693,APP-2025-0150,Initial Screening,2025-09-08,2025-09-12,1
PS-000694,APP-2025-0150,Technical Review,2025-09-12,2025-09-20,2
PS-000695,APP-2025-0150,Financial / Cost Review,2025-09-20,2025-09-21,3
PS-000696,APP-2025-0150,Final Assessment,2025-09-21,2025-09-25,4
PS-000697,APP-2025-0150,Decision,2025-09-25,2025-09-27,5
PS-000698,APP-2025-0151,Initial Screening,2025-12-31,2026-01-02,1
PS-000699,APP-2025-0151,Technical Review,2026-01-02,2026-01-10,2
PS-000700,APP-2025-0151,Financial / Cost Review,2026-01-10,2026-01-16,3
PS-000701,APP-2025-0151,Final Assessment,2026-01-16,,4
PS-000702,APP-2025-0152,Initial Screening,2025-11-18,2025-11-21,1
PS-000703,APP-2025-0152,Technical Review,2025-11-21,2025-11-30,2
PS-000704,APP-2025-0152,Financial / Cost Review,2025-11-30,2025-12-06,3
PS-000705,APP-2025-0152,Final Assessment,2025-12-06,2025-12-11,4
PS-000706,APP-2025-0152,Decision,2025-12-11,2025-12-14,5
PS-000707,APP-2025-0153,Initial Screening,2025-08-02,2025-08-04,1
PS-000708,APP-2025-0153,Technical Review,2025-08-04,2025-08-08,2
PS-000709,APP-2025-0153,Financial / Cost Review,2025-08-08,2025-08-09,3
PS-000710,APP-2025-0153,Final Assessment,2025-08-09,2025-08-13,4
PS-000711,APP-2025-0153,Decision,2025-08-13,2025-08-14,5
PS-000712,APP-2025-0154,Initial Screening,2025-05-20,2025-05-21,1
PS-000713,APP-2025-0154,Technical Review,2025-05-21,2025-05-29,2
PS-000714,APP-2025-0154,Financial / Cost Review,2025-05-29,2025-06-01,3
PS-000715,APP-2025-0154,Final Assessment,2025-06-01,2025-06-02,4
PS-000716,APP-2025-0154,Decision,2025-06-02,2025-06-03,5
PS-000717,APP-2025-0155,Initial Screening,2025-05-26,2025-05-29,1
PS-000718,APP-2025-0155,Technical Review,2025-05-29,2025-06-10,2
PS-000719,APP-2025-0155,Financial / Cost Review,2025-06-10,2025-07-06,3
PS-000720,APP-2025-0155,Final Assessment,2025-07-06,2025-07-07,4
PS-000721,APP-2025-0155,Decision,2025-07-07,2025-07-08,5
PS-000722,APP-2025-0156,Initial Screening,2025-08-07,2025-08-09,1
PS-000723,APP-2025-0156,Technical Review,2025-08-09,2025-08-22,2
PS-000724,APP-2025-0156,Financial / Cost Review,2025-08-22,2025-08-23,3
PS-000725,APP-2025-0156,Final Assessment,2025-08-23,2025-08-25,4
PS-000726,APP-2025-0156,Decision,2025-08-25,2025-08-28,5
PS-000727,APP-2025-0157,Initial Screening,2025-02-28,2025-03-02,1
PS-000728,APP-2025-0157,Technical Review,2025-03-02,2025-03-21,2
PS-000729,APP-2025-0157,Financial / Cost Review,2025-03-21,2025-03-23,3
PS-000730,APP-2025-0157,Final Assessment,2025-03-23,2025-03-29,4
PS-000731,APP-2025-0157,Decision,2025-03-29,2025-03-30,5
PS-000732,APP-2025-0158,Initial Screening,2025-04-08,2025-04-12,1
PS-000733,APP-2025-0158,Technical Review,2025-04-12,2025-04-18,2
PS-000734,APP-2025-0158,Financial / Cost Review,2025-04-18,2025-04-26,3
PS-000735,APP-2025-0158,Final Assessment,2025-04-26,2025-05-01,4
PS-000736,APP-2025-0158,Decision,2025-05-01,2025-05-05,5
PS-000737,APP-2025-0159,Initial Screening,2025-01-17,2025-01-24,1
PS-000738,APP-2025-0159,Technical Review,2025-01-24,2025-02-01,2
PS-000739,APP-2025-0159,Financial / Cost Review,2025-02-01,2025-02-04,3
PS-000740,APP-2025-0159,Final Assessment,2025-02-04,2025-02-15,4
PS-000741,APP-2025-0159,Decision,2025-02-15,2025-02-18,5
PS-000742,APP-2025-0160,Initial Screening,2025-04-30,2025-05-03,1
PS-000743,APP-2025-0160,Technical Review,2025-05-03,2025-05-10,2
PS-000744,APP-2025-0160,Financial / Cost Review,2025-05-10,2025-05-21,3
PS-000745,APP-2025-0160,Final Assessment,2025-05-21,2025-05-24,4
PS-000746,APP-2025-0160,Decision,2025-05-24,2025-05-27,5
PS-000747,APP-2025-0161,Initial Screening,2025-05-05,2025-05-08,1
PS-000748,APP-2025-0161,Technical Review,2025-05-08,2025-05-11,2
PS-000749,APP-2025-0161,Financial / Cost Review,2025-05-11,2025-05-15,3
PS-000750,APP-2025-0161,Final Assessment,2025-05-15,2025-05-18,4
PS-000751,APP-2025-0161,Decision,2025-05-18,2025-05-20,5
PS-000752,APP-2025-0162,Initial Screening,2025-03-07,2025-03-08,1
PS-000753,APP-2025-0162,Technical Review,2025-03-08,2025-03-11,2
PS-000754,APP-2025-0162,Financial / Cost Review,2025-03-11,2025-03-12,3
PS-000755,APP-2025-0162,Final Assessment,2025-03-12,2025-03-22,4
PS-000756,APP-2025-0162,Decision,2025-03-22,2025-03-23,5
PS-000757,APP-2025-0163,Initial Screening,2025-07-18,2025-07-22,1
PS-000758,APP-2025-0163,Technical Review,2025-07-22,,2
PS-000759,APP-2025-0164,Initial Screening,2025-01-12,2025-01-13,1
PS-000760,APP-2025-0164,Technical Review,2025-01-13,2025-02-05,2
PS-000761,APP-2025-0164,Financial / Cost Review,2025-02-05,2025-02-09,3
PS-000762,APP-2025-0164,Final Assessment,2025-02-09,2025-02-17,4
PS-000763,APP-2025-0164,Decision,2025-02-17,2025-02-18,5
PS-000764,APP-2025-0165,Initial Screening,2025-11-29,2025-12-03,1
PS-000765,APP-2025-0165,Technical Review,2025-12-03,2025-12-12,2
PS-000766,APP-2025-0165,Financial / Cost Review,2025-12-12,,3
PS-000767,APP-2025-0166,Initial Screening,2025-08-16,2025-08-19,1
PS-000768,APP-2025-0166,Technical Review,2025-08-19,2025-09-12,2
PS-000769,APP-2025-0166,Financial / Cost Review,2025-09-12,2025-09-26,3
PS-000770,APP-2025-0166,Final Assessment,2025-09-26,2025-09-28,4
PS-000771,APP-2025-0166,Decision,2025-09-28,2025-09-29,5
PS-000772,APP-2025-0167,Initial Screening,2025-08-18,2025-08-19,1
PS-000773,APP-2025-0167,Technical Review,2025-08-19,2025-08-30,2
PS-000774,APP-2025-0167,Financial / Cost Review,2025-08-30,2025-09-06,3
PS-000775,APP-2025-0167,Final Assessment,2025-09-06,2025-09-09,4
PS-000776,APP-2025-0167,Decision,2025-09-09,2025-09-11,5
PS-000777,APP-2025-0168,Initial Screening,2025-09-05,,1
PS-000778,APP-2025-0169,Initial Screening,2025-01-23,2025-01-24,1
PS-000779,APP-2025-0169,Technical Review,2025-01-24,2025-01-28,2
PS-000780,APP-2025-0169,Financial / Cost Review,2025-01-28,2025-02-04,3
PS-000781,APP-2025-0169,Final Assessment,2025-02-04,2025-02-05,4
PS-000782,APP-2025-0169,Decision,2025-02-05,2025-02-07,5
PS-000783,APP-2025-0170,Initial Screening,2025-10-23,2025-10-29,1
PS-000784,APP-2025-0170,Technical Review,2025-10-29,2025-11-03,2
PS-000785,APP-2025-0170,Financial / Cost Review,2025-11-03,,3
PS-000786,APP-2025-0171,Initial Screening,2025-10-25,2025-10-28,1
PS-000787,APP-2025-0171,Technical Review,2025-10-28,2025-11-04,2
PS-000788,APP-2025-0171,Financial / Cost Review,2025-11-04,2025-11-06,3
PS-000789,APP-2025-0171,Final Assessment,2025-11-06,2025-11-11,4
PS-000790,APP-2025-0171,Decision,2025-11-11,2025-11-14,5
PS-000791,APP-2025-0172,Initial Screening,2025-04-09,2025-04-12,1
PS-000792,APP-2025-0172,Technical Review,2025-04-12,2025-04-27,2
PS-000793,APP-2025-0172,Financial / Cost Review,2025-04-27,2025-05-01,3
PS-000794,APP-2025-0172,Final Assessment,2025-05-01,2025-05-03,4
PS-000795,APP-2025-0172,Decision,2025-05-03,2025-05-04,5
PS-000796,APP-2025-0173,Initial Screening,2025-08-31,2025-09-03,1
PS-000797,APP-2025-0173,Technical Review,2025-09-03,2025-09-18,2
PS-000798,APP-2025-0173,Financial / Cost Review,2025-09-18,2025-09-22,3
PS-000799,APP-2025-0173,Final Assessment,2025-09-22,,4
PS-000800,APP-2025-0174,Initial Screening,2025-08-30,2025-09-01,1
PS-000801,APP-2025-0174,Technical Review,2025-09-01,2025-09-10,2
PS-000802,APP-2025-0174,Financial / Cost Review,2025-09-10,2025-09-16,3
PS-000803,APP-2025-0174,Final Assessment,2025-09-16,2025-09-18,4
PS-000804,APP-2025-0174,Decision,2025-09-18,2025-09-19,5
PS-000805,APP-2025-0175,Initial Screening,2025-07-16,2025-07-18,1
PS-000806,APP-2025-0175,Technical Review,2025-07-18,2025-07-19,2
PS-000807,APP-2025-0175,Financial / Cost Review,2025-07-19,2025-07-23,3
PS-000808,APP-2025-0175,Final Assessment,2025-07-23,2025-07-30,4
PS-000809,APP-2025-0175,Decision,2025-07-30,2025-07-31,5
PS-000810,APP-2025-0176,Initial Screening,2025-04-20,2025-04-23,1
PS-000811,APP-2025-0176,Technical Review,2025-04-23,2025-04-27,2
PS-000812,APP-2025-0176,Financial / Cost Review,2025-04-27,2025-04-30,3
PS-000813,APP-2025-0176,Final Assessment,2025-04-30,2025-05-06,4
PS-000814,APP-2025-0176,Decision,2025-05-06,2025-05-09,5
PS-000815,APP-2025-0177,Initial Screening,2025-08-27,2025-08-29,1
PS-000816,APP-2025-0177,Technical Review,2025-08-29,2025-08-31,2
PS-000817,APP-2025-0177,Financial / Cost Review,2025-08-31,2025-09-03,3
PS-000818,APP-2025-0177,Final Assessment,2025-09-03,2025-09-05,4
PS-000819,APP-2025-0177,Decision,2025-09-05,2025-09-06,5
PS-000820,APP-2025-0178,Initial Screening,2025-02-18,2025-02-22,1
PS-000821,APP-2025-0178,Technical Review,2025-02-22,2025-02-25,2
PS-000822,APP-2025-0178,Financial / Cost Review,2025-02-25,2025-03-04,3
PS-000823,APP-2025-0178,Final Assessment,2025-03-04,2025-03-07,4
PS-000824,APP-2025-0178,Decision,2025-03-07,2025-03-09,5
PS-000825,APP-2025-0179,Initial Screening,2025-07-12,2025-07-13,1
PS-000826,APP-2025-0179,Technical Review,2025-07-13,2025-07-19,2
PS-000827,APP-2025-0179,Financial / Cost Review,2025-07-19,2025-07-30,3
PS-000828,APP-2025-0179,Final Assessment,2025-07-30,2025-08-06,4
PS-000829,APP-2025-0179,Decision,2025-08-06,2025-08-11,5
PS-000830,APP-2025-0180,Initial Screening,2025-03-01,2025-03-04,1
PS-000831,APP-2025-0180,Technical Review,2025-03-04,2025-03-13,2
PS-000832,APP-2025-0180,Financial / Cost Review,2025-03-13,,3
PS-000833,APP-2025-0181,Initial Screening,2025-08-28,2025-08-29,1
PS-000834,APP-2025-0181,Technical Review,2025-08-29,2025-09-06,2
PS-000835,APP-2025-0181,Financial / Cost Review,2025-09-06,2025-09-13,3
PS-000836,APP-2025-0181,Final Assessment,2025-09-13,2025-09-16,4
PS-000837,APP-2025-0181,Decision,2025-09-16,2025-09-17,5
PS-000838,APP-2025-0182,Initial Screening,2025-01-15,2025-01-20,1
PS-000839,APP-2025-0182,Technical Review,2025-01-20,2025-02-04,2
PS-000840,APP-2025-0182,Financial / Cost Review,2025-02-04,2025-02-05,3
PS-000841,APP-2025-0182,Final Assessment,2025-02-05,2025-02-10,4
PS-000842,APP-2025-0182,Decision,2025-02-10,2025-02-12,5
PS-000843,APP-2025-0183,Initial Screening,2025-04-25,2025-04-28,1
PS-000844,APP-2025-0183,Technical Review,2025-04-28,2025-05-04,2
PS-000845,APP-2025-0183,Financial / Cost Review,2025-05-04,,3
PS-000846,APP-2025-0184,Initial Screening,2025-04-28,2025-04-29,1
PS-000847,APP-2025-0184,Technical Review,2025-04-29,2025-05-22,2
PS-000848,APP-2025-0184,Financial / Cost Review,2025-05-22,2025-05-30,3
PS-000849,APP-2025-0184,Final Assessment,2025-05-30,2025-06-01,4
PS-000850,APP-2025-0184,Decision,2025-06-01,2025-06-05,5
PS-000851,APP-2025-0185,Initial Screening,2025-09-06,,1
PS-000852,APP-2025-0186,Initial Screening,2025-04-26,2025-04-28,1
PS-000853,APP-2025-0186,Technical Review,2025-04-28,2025-05-01,2
PS-000854,APP-2025-0186,Financial / Cost Review,2025-05-01,2025-05-04,3
PS-000855,APP-2025-0186,Final Assessment,2025-05-04,2025-05-05,4
PS-000856,APP-2025-0186,Decision,2025-05-05,2025-05-06,5
PS-000857,APP-2025-0187,Initial Screening,2025-07-28,2025-07-29,1
PS-000858,APP-2025-0187,Technical Review,2025-07-29,2025-08-02,2
PS-000859,APP-2025-0187,Financial / Cost Review,2025-08-02,2025-08-04,3
PS-000860,APP-2025-0187,Final Assessment,2025-08-04,2025-08-05,4
PS-000861,APP-2025-0187,Decision,2025-08-05,2025-08-09,5
PS-000862,APP-2025-0188,Initial Screening,2025-09-19,2025-09-21,1
PS-000863,APP-2025-0188,Technical Review,2025-09-21,,2
PS-000864,APP-2025-0189,Initial Screening,2025-12-17,2025-12-19,1
PS-000865,APP-2025-0189,Technical Review,2025-12-19,2025-12-21,2
PS-000866,APP-2025-0189,Financial / Cost Review,2025-12-21,2025-12-23,3
PS-000867,APP-2025-0189,Final Assessment,2025-12-23,2025-12-26,4
PS-000868,APP-2025-0189,Decision,2025-12-26,2025-12-27,5
PS-000869,APP-2025-0190,Initial Screening,2025-02-16,2025-02-21,1
PS-000870,APP-2025-0190,Technical Review,2025-02-21,2025-03-04,2
PS-000871,APP-2025-0190,Financial / Cost Review,2025-03-04,2025-03-05,3
PS-000872,APP-2025-0190,Final Assessment,2025-03-05,2025-03-07,4
PS-000873,APP-2025-0190,Decision,2025-03-07,2025-03-10,5
PS-000874,APP-2025-0191,Initial Screening,2025-04-04,2025-04-05,1
PS-000875,APP-2025-0191,Technical Review,2025-04-05,2025-04-10,2
PS-000876,APP-2025-0191,Financial / Cost Review,2025-04-10,2025-04-14,3
PS-000877,APP-2025-0191,Final Assessment,2025-04-14,2025-04-17,4
PS-000878,APP-2025-0191,Decision,2025-04-17,2025-04-19,5
PS-000879,APP-2025-0192,Initial Screening,2025-03-14,2025-03-16,1
PS-000880,APP-2025-0192,Technical Review,2025-03-16,2025-04-10,2
PS-000881,APP-2025-0192,Financial / Cost Review,2025-04-10,2025-04-16,3
PS-000882,APP-2025-0192,Final Assessment,2025-04-16,2025-04-19,4
PS-000883,APP-2025-0192,Decision,2025-04-19,2025-04-23,5
PS-000884,APP-2025-0193,Initial Screening,2025-11-20,2025-11-22,1
PS-000885,APP-2025-0193,Technical Review,2025-11-22,2025-11-28,2
PS-000886,APP-2025-0193,Financial / Cost Review,2025-11-28,2025-12-01,3
PS-000887,APP-2025-0193,Final Assessment,2025-12-01,2025-12-03,4
PS-000888,APP-2025-0193,Decision,2025-12-03,2025-12-04,5
PS-000889,APP-2025-0194,Initial Screening,2025-09-03,2025-09-06,1
PS-000890,APP-2025-0194,Technical Review,2025-09-06,2025-09-26,2
PS-000891,APP-2025-0194,Financial / Cost Review,2025-09-26,2025-09-30,3
PS-000892,APP-2025-0194,Final Assessment,2025-09-30,2025-10-03,4
PS-000893,APP-2025-0194,Decision,2025-10-03,2025-10-08,5
PS-000894,APP-2025-0195,Initial Screening,2025-08-01,2025-08-03,1
PS-000895,APP-2025-0195,Technical Review,2025-08-03,2025-08-21,2
PS-000896,APP-2025-0195,Financial / Cost Review,2025-08-21,2025-08-24,3
PS-000897,APP-2025-0195,Final Assessment,2025-08-24,2025-08-25,4
PS-000898,APP-2025-0195,Decision,2025-08-25,2025-08-26,5
PS-000899,APP-2025-0196,Initial Screening,2025-05-27,2025-05-30,1
PS-000900,APP-2025-0196,Technical Review,2025-05-30,2025-06-05,2
PS-000901,APP-2025-0196,Financial / Cost Review,2025-06-05,2025-06-09,3
PS-000902,APP-2025-0196,Final Assessment,2025-06-09,2025-06-18,4
PS-000903,APP-2025-0196,Decision,2025-06-18,2025-06-21,5
PS-000904,APP-2025-0197,Initial Screening,2025-09-24,2025-09-25,1
PS-000905,APP-2025-0197,Technical Review,2025-09-25,2025-10-01,2
PS-000906,APP-2025-0197,Financial / Cost Review,2025-10-01,2025-10-05,3
PS-000907,APP-2025-0197,Final Assessment,2025-10-05,2025-10-10,4
PS-000908,APP-2025-0197,Decision,2025-10-10,2025-10-11,5
PS-000909,APP-2025-0198,Initial Screening,2025-07-01,2025-07-04,1
PS-000910,APP-2025-0198,Technical Review,2025-07-04,2025-07-22,2
PS-000911,APP-2025-0198,Financial / Cost Review,2025-07-22,2025-07-24,3
PS-000912,APP-2025-0198,Final Assessment,2025-07-24,2025-07-28,4
PS-000913,APP-2025-0198,Decision,2025-07-28,2025-08-03,5
PS-000914,APP-2025-0199,Initial Screening,2025-11-16,2025-11-18,1
PS-000915,APP-2025-0199,Technical Review,2025-11-18,2025-11-20,2
PS-000916,APP-2025-0199,Financial / Cost Review,2025-11-20,2025-11-26,3
PS-000917,APP-2025-0199,Final Assessment,2025-11-26,2025-11-27,4
PS-000918,APP-2025-0199,Decision,2025-11-27,2025-11-28,5
PS-000919,APP-2025-0200,Initial Screening,2025-07-25,2025-07-28,1
PS-000920,APP-2025-0200,Technical Review,2025-07-28,,2
PS-000921,APP-2025-0201,Initial Screening,2025-06-02,2025-06-03,1
PS-000922,APP-2025-0201,Technical Review,2025-06-03,2025-06-04,2
PS-000923,APP-2025-0201,Financial / Cost Review,2025-06-04,2025-06-05,3
PS-000924,APP-2025-0201,Final Assessment,2025-06-05,2025-06-06,4
PS-000925,APP-2025-0201,Decision,2025-06-06,2025-06-09,5
PS-000926,APP-2025-0202,Initial Screening,2025-03-25,2025-03-29,1
PS-000927,APP-2025-0202,Technical Review,2025-03-29,2025-04-07,2
PS-000928,APP-2025-0202,Financial / Cost Review,2025-04-07,2025-04-08,3
PS-000929,APP-2025-0202,Final Assessment,2025-04-08,2025-04-10,4
PS-000930,APP-2025-0202,Decision,2025-04-10,2025-04-11,5
PS-000931,APP-2025-0203,Initial Screening,2025-05-06,2025-05-07,1
PS-000932,APP-2025-0203,Technical Review,2025-05-07,2025-05-14,2
PS-000933,APP-2025-0203,Financial / Cost Review,2025-05-14,2025-05-15,3
PS-000934,APP-2025-0203,Final Assessment,2025-05-15,2025-05-16,4
PS-000935,APP-2025-0203,Decision,2025-05-16,2025-05-18,5
PS-000936,APP-2025-0204,Initial Screening,2025-11-09,2025-11-15,1
PS-000937,APP-2025-0204,Technical Review,2025-11-15,2025-11-30,2
PS-000938,APP-2025-0204,Financial / Cost Review,2025-11-30,2025-12-07,3
PS-000939,APP-2025-0204,Final Assessment,2025-12-07,2025-12-14,4
PS-000940,APP-2025-0204,Decision,2025-12-14,2025-12-19,5
PS-000941,APP-2025-0205,Initial Screening,2025-12-01,2025-12-05,1
PS-000942,APP-2025-0205,Technical Review,2025-12-05,2025-12-06,2
PS-000943,APP-2025-0205,Financial / Cost Review,2025-12-06,2025-12-11,3
PS-000944,APP-2025-0205,Final Assessment,2025-12-11,2025-12-14,4
PS-000945,APP-2025-0205,Decision,2025-12-14,2025-12-15,5
PS-000946,APP-2025-0206,Initial Screening,2025-05-17,2025-05-18,1
PS-000947,APP-2025-0206,Technical Review,2025-05-18,2025-05-28,2
PS-000948,APP-2025-0206,Financial / Cost Review,2025-05-28,2025-06-01,3
PS-000949,APP-2025-0206,Final Assessment,2025-06-01,2025-06-02,4
PS-000950,APP-2025-0206,Decision,2025-06-02,2025-06-04,5
PS-000951,APP-2025-0207,Initial Screening,2025-07-06,2025-07-08,1
PS-000952,APP-2025-0207,Technical Review,2025-07-08,2025-07-23,2
PS-000953,APP-2025-0207,Financial / Cost Review,2025-07-23,2025-07-28,3
PS-000954,APP-2025-0207,Final Assessment,2025-07-28,2025-07-31,4
PS-000955,APP-2025-0207,Decision,2025-07-31,2025-08-01,5
PS-000956,APP-2025-0208,Initial Screening,2025-04-21,2025-04-22,1
PS-000957,APP-2025-0208,Technical Review,2025-04-22,2025-04-29,2
PS-000958,APP-2025-0208,Financial / Cost Review,2025-04-29,2025-05-05,3
PS-000959,APP-2025-0208,Final Assessment,2025-05-05,2025-05-15,4
PS-000960,APP-2025-0208,Decision,2025-05-15,2025-05-18,5
PS-000961,APP-2025-0209,Initial Screening,2025-05-16,2025-05-18,1
PS-000962,APP-2025-0209,Technical Review,2025-05-18,,2
PS-000963,APP-2025-0210,Initial Screening,2025-07-07,2025-07-10,1
PS-000964,APP-2025-0210,Technical Review,2025-07-10,2025-07-21,2
PS-000965,APP-2025-0210,Financial / Cost Review,2025-07-21,2025-07-23,3
PS-000966,APP-2025-0210,Final Assessment,2025-07-23,2025-07-24,4
PS-000967,APP-2025-0210,Decision,2025-07-24,2025-07-26,5
PS-000968,APP-2025-0211,Initial Screening,2025-08-07,2025-08-11,1
PS-000969,APP-2025-0211,Technical Review,2025-08-11,2025-08-21,2
PS-000970,APP-2025-0211,Financial / Cost Review,2025-08-21,2025-08-22,3
PS-000971,APP-2025-0211,Final Assessment,2025-08-22,2025-08-28,4
PS-000972,APP-2025-0211,Decision,2025-08-28,2025-08-31,5
PS-000973,APP-2025-0212,Initial Screening,2025-02-12,2025-02-13,1
PS-000974,APP-2025-0212,Technical Review,2025-02-13,2025-02-23,2
PS-000975,APP-2025-0212,Financial / Cost Review,2025-02-23,2025-02-26,3
PS-000976,APP-2025-0212,Final Assessment,2025-02-26,2025-03-01,4
PS-000977,APP-2025-0212,Decision,2025-03-01,2025-03-03,5
PS-000978,APP-2025-0213,Initial Screening,2025-10-24,2025-10-26,1
PS-000979,APP-2025-0213,Technical Review,2025-10-26,,2
PS-000980,APP-2025-0214,Initial Screening,2025-01-25,2025-01-27,1
PS-000981,APP-2025-0214,Technical Review,2025-01-27,2025-02-03,2
PS-000982,APP-2025-0214,Financial / Cost Review,2025-02-03,2025-02-08,3
PS-000983,APP-2025-0214,Final Assessment,2025-02-08,2025-02-10,4
PS-000984,APP-2025-0214,Decision,2025-02-10,2025-02-12,5
PS-000985,APP-2025-0215,Initial Screening,2025-12-17,2025-12-20,1
PS-000986,APP-2025-0215,Technical Review,2025-12-20,2025-12-23,2
PS-000987,APP-2025-0215,Financial / Cost Review,2025-12-23,,3
PS-000988,APP-2025-0216,Initial Screening,2025-09-29,2025-10-02,1
PS-000989,APP-2025-0216,Technical Review,2025-10-02,2025-10-13,2
PS-000990,APP-2025-0216,Financial / Cost Review,2025-10-13,2025-10-16,3
PS-000991,APP-2025-0216,Final Assessment,2025-10-16,2025-10-18,4
PS-000992,APP-2025-0216,Decision,2025-10-18,2025-10-19,5
PS-000993,APP-2025-0217,Initial Screening,2025-08-05,2025-08-07,1
PS-000994,APP-2025-0217,Technical Review,2025-08-07,2025-08-10,2
PS-000995,APP-2025-0217,Financial / Cost Review,2025-08-10,2025-08-15,3
PS-000996,APP-2025-0217,Final Assessment,2025-08-15,2025-08-16,4
PS-000997,APP-2025-0217,Decision,2025-08-16,2025-08-17,5
PS-000998,APP-2025-0218,Initial Screening,2025-12-30,2026-01-01,1
PS-000999,APP-2025-0218,Technical Review,2026-01-01,2026-01-11,2
PS-001000,APP-2025-0218,Financial / Cost Review,2026-01-11,2026-01-12,3
PS-001001,APP-2025-0218,Final Assessment,2026-01-12,2026-01-14,4
PS-001002,APP-2025-0218,Decision,2026-01-14,2026-01-15,5
PS-001003,APP-2025-0219,Initial Screening,2025-02-28,2025-03-01,1
PS-001004,APP-2025-0219,Technical Review,2025-03-01,2025-03-02,2
PS-001005,APP-2025-0219,Financial / Cost Review,2025-03-02,2025-03-05,3
PS-001006,APP-2025-0219,Final Assessment,2025-03-05,2025-03-09,4
PS-001007,APP-2025-0219,Decision,2025-03-09,2025-03-12,5
PS-001008,APP-2025-0220,Initial Screening,2025-07-21,2025-07-22,1
PS-001009,APP-2025-0220,Technical Review,2025-07-22,2025-08-09,2
PS-001010,APP-2025-0220,Financial / Cost Review,2025-08-09,2025-08-16,3
PS-001011,APP-2025-0220,Final Assessment,2025-08-16,2025-08-20,4
PS-001012,APP-2025-0220,Decision,2025-08-20,2025-08-21,5
PS-001013,APP-2025-0221,Initial Screening,2025-09-26,2025-09-27,1
PS-001014,APP-2025-0221,Technical Review,2025-09-27,2025-10-09,2
PS-001015,APP-2025-0221,Financial / Cost Review,2025-10-09,2025-10-12,3
PS-001016,APP-2025-0221,Final Assessment,2025-10-12,2025-10-14,4
PS-001017,APP-2025-0221,Decision,2025-10-14,2025-10-15,5
PS-001018,APP-2025-0222,Initial Screening,2025-04-24,2025-04-26,1
PS-001019,APP-2025-0222,Technical Review,2025-04-26,2025-05-05,2
PS-001020,APP-2025-0222,Financial / Cost Review,2025-05-05,2025-05-09,3
PS-001021,APP-2025-0222,Final Assessment,2025-05-09,2025-05-10,4
PS-001022,APP-2025-0222,Decision,2025-05-10,2025-05-14,5
PS-001023,APP-2025-0223,Initial Screening,2025-02-11,,1
PS-001024,APP-2025-0224,Initial Screening,2025-06-07,2025-06-11,1
PS-001025,APP-2025-0224,Technical Review,2025-06-11,2025-06-15,2
PS-001026,APP-2025-0224,Financial / Cost Review,2025-06-15,2025-06-19,3
PS-001027,APP-2025-0224,Final Assessment,2025-06-19,2025-06-21,4
PS-001028,APP-2025-0224,Decision,2025-06-21,2025-06-22,5
PS-001029,APP-2025-0225,Initial Screening,2025-08-01,2025-08-04,1
PS-001030,APP-2025-0225,Technical Review,2025-08-04,2025-08-09,2
PS-001031,APP-2025-0225,Financial / Cost Review,2025-08-09,2025-08-14,3
PS-001032,APP-2025-0225,Final Assessment,2025-08-14,2025-08-16,4
PS-001033,APP-2025-0225,Decision,2025-08-16,2025-08-18,5
PS-001034,APP-2025-0226,Initial Screening,2025-10-19,2025-10-23,1
PS-001035,APP-2025-0226,Technical Review,2025-10-23,2025-11-07,2
PS-001036,APP-2025-0226,Financial / Cost Review,2025-11-07,,3
PS-001037,APP-2025-0227,Initial Screening,2025-02-09,2025-02-10,1
PS-001038,APP-2025-0227,Technical Review,2025-02-10,2025-02-14,2
PS-001039,APP-2025-0227,Financial / Cost Review,2025-02-14,2025-02-21,3
PS-001040,APP-2025-0227,Final Assessment,2025-02-21,2025-02-26,4
PS-001041,APP-2025-0227,Decision,2025-02-26,2025-02-27,5
PS-001042,APP-2025-0228,Initial Screening,2025-06-17,2025-06-18,1
PS-001043,APP-2025-0228,Technical Review,2025-06-18,2025-06-24,2
PS-001044,APP-2025-0228,Financial / Cost Review,2025-06-24,2025-06-29,3
PS-001045,APP-2025-0228,Final Assessment,2025-06-29,2025-07-04,4
PS-001046,APP-2025-0228,Decision,2025-07-04,2025-07-05,5
PS-001047,APP-2025-0229,Initial Screening,2025-06-11,2025-06-12,1
PS-001048,APP-2025-0229,Technical Review,2025-06-12,2025-06-14,2
PS-001049,APP-2025-0229,Financial / Cost Review,2025-06-14,2025-06-19,3
PS-001050,APP-2025-0229,Final Assessment,2025-06-19,2025-06-22,4
PS-001051,APP-2025-0229,Decision,2025-06-22,2025-06-26,5
PS-001052,APP-2025-0230,Initial Screening,2025-05-23,2025-06-01,1
PS-001053,APP-2025-0230,Technical Review,2025-06-01,2025-06-06,2
PS-001054,APP-2025-0230,Financial / Cost Review,2025-06-06,2025-06-08,3
PS-001055,APP-2025-0230,Final Assessment,2025-06-08,2025-06-17,4
PS-001056,APP-2025-0230,Decision,2025-06-17,2025-06-18,5
PS-001057,APP-2025-0231,Initial Screening,2025-04-08,2025-04-12,1
PS-001058,APP-2025-0231,Technical Review,2025-04-12,2025-04-20,2
PS-001059,APP-2025-0231,Financial / Cost Review,2025-04-20,2025-04-22,3
PS-001060,APP-2025-0231,Final Assessment,2025-04-22,2025-04-25,4
PS-001061,APP-2025-0231,Decision,2025-04-25,2025-04-26,5
PS-001062,APP-2025-0232,Initial Screening,2025-01-09,2025-01-12,1
PS-001063,APP-2025-0232,Technical Review,2025-01-12,2025-01-14,2
PS-001064,APP-2025-0232,Financial / Cost Review,2025-01-14,2025-01-15,3
PS-001065,APP-2025-0232,Final Assessment,2025-01-15,2025-01-17,4
PS-001066,APP-2025-0232,Decision,2025-01-17,2025-01-18,5
PS-001067,APP-2025-0233,Initial Screening,2025-05-12,2025-05-17,1
PS-001068,APP-2025-0233,Technical Review,2025-05-17,2025-05-26,2
PS-001069,APP-2025-0233,Financial / Cost Review,2025-05-26,2025-05-27,3
PS-001070,APP-2025-0233,Final Assessment,2025-05-27,,4
PS-001071,APP-2025-0234,Initial Screening,2025-07-09,2025-07-11,1
PS-001072,APP-2025-0234,Technical Review,2025-07-11,2025-07-13,2
PS-001073,APP-2025-0234,Financial / Cost Review,2025-07-13,2025-07-15,3
PS-001074,APP-2025-0234,Final Assessment,2025-07-15,2025-07-18,4
PS-001075,APP-2025-0234,Decision,2025-07-18,2025-07-20,5
PS-001076,APP-2025-0235,Initial Screening,2025-05-28,2025-05-29,1
PS-001077,APP-2025-0235,Technical Review,2025-05-29,2025-06-08,2
PS-001078,APP-2025-0235,Financial / Cost Review,2025-06-08,2025-06-11,3
PS-001079,APP-2025-0235,Final Assessment,2025-06-11,2025-06-12,4
PS-001080,APP-2025-0235,Decision,2025-06-12,2025-06-14,5
PS-001081,APP-2025-0236,Initial Screening,2025-07-14,2025-07-16,1
PS-001082,APP-2025-0236,Technical Review,2025-07-16,,2
PS-001083,APP-2025-0237,Initial Screening,2025-03-24,2025-03-27,1
PS-001084,APP-2025-0237,Technical Review,2025-03-27,2025-04-01,2
PS-001085,APP-2025-0237,Financial / Cost Review,2025-04-01,2025-04-11,3
PS-001086,APP-2025-0237,Final Assessment,2025-04-11,2025-04-13,4
PS-001087,APP-2025-0237,Decision,2025-04-13,2025-04-19,5
PS-001088,APP-2025-0238,Initial Screening,2025-01-31,2025-02-01,1
PS-001089,APP-2025-0238,Technical Review,2025-02-01,2025-02-06,2
PS-001090,APP-2025-0238,Financial / Cost Review,2025-02-06,,3
PS-001091,APP-2025-0239,Initial Screening,2025-10-27,2025-11-03,1
PS-001092,APP-2025-0239,Technical Review,2025-11-03,2025-11-18,2
PS-001093,APP-2025-0239,Financial / Cost Review,2025-11-18,2025-11-20,3
PS-001094,APP-2025-0239,Final Assessment,2025-11-20,2025-11-23,4
PS-001095,APP-2025-0239,Decision,2025-11-23,2025-11-24,5
PS-001096,APP-2025-0240,Initial Screening,2025-10-20,2025-10-26,1
PS-001097,APP-2025-0240,Technical Review,2025-10-26,2025-11-08,2
PS-001098,APP-2025-0240,Financial / Cost Review,2025-11-08,2025-11-09,3
PS-001099,APP-2025-0240,Final Assessment,2025-11-09,2025-11-14,4
PS-001100,APP-2025-0240,Decision,2025-11-14,2025-11-16,5
PS-001101,APP-2025-0241,Initial Screening,2025-11-25,2025-11-27,1
PS-001102,APP-2025-0241,Technical Review,2025-11-27,,2
PS-001103,APP-2025-0242,Initial Screening,2025-02-02,2025-02-03,1
PS-001104,APP-2025-0242,Technical Review,2025-02-03,2025-02-11,2
PS-001105,APP-2025-0242,Financial / Cost Review,2025-02-11,2025-02-18,3
PS-001106,APP-2025-0242,Final Assessment,2025-02-18,2025-02-22,4
PS-001107,APP-2025-0242,Decision,2025-02-22,2025-02-24,5
PS-001108,APP-2025-0243,Initial Screening,2025-01-19,2025-01-22,1
PS-001109,APP-2025-0243,Technical Review,2025-01-22,2025-01-24,2
PS-001110,APP-2025-0243,Financial / Cost Review,2025-01-24,2025-01-30,3
PS-001111,APP-2025-0243,Final Assessment,2025-01-30,2025-02-01,4
PS-001112,APP-2025-0243,Decision,2025-02-01,2025-02-02,5
PS-001113,APP-2025-0244,Initial Screening,2025-05-20,2025-05-24,1
PS-001114,APP-2025-0244,Technical Review,2025-05-24,2025-05-26,2
PS-001115,APP-2025-0244,Financial / Cost Review,2025-05-26,2025-05-27,3
PS-001116,APP-2025-0244,Final Assessment,2025-05-27,2025-05-28,4
PS-001117,APP-2025-0244,Decision,2025-05-28,2025-05-30,5
PS-001118,APP-2025-0245,Initial Screening,2025-09-18,2025-09-22,1
PS-001119,APP-2025-0245,Technical Review,2025-09-22,2025-09-29,2
PS-001120,APP-2025-0245,Financial / Cost Review,2025-09-29,2025-10-05,3
PS-001121,APP-2025-0245,Final Assessment,2025-10-05,2025-10-07,4
PS-001122,APP-2025-0245,Decision,2025-10-07,2025-10-08,5
PS-001123,APP-2025-0246,Initial Screening,2025-04-03,2025-04-04,1
PS-001124,APP-2025-0246,Technical Review,2025-04-04,2025-04-11,2
PS-001125,APP-2025-0246,Financial / Cost Review,2025-04-11,2025-04-18,3
PS-001126,APP-2025-0246,Final Assessment,2025-04-18,2025-04-19,4
PS-001127,APP-2025-0246,Decision,2025-04-19,2025-04-20,5
PS-001128,APP-2025-0247,Initial Screening,2025-02-13,,1
PS-001129,APP-2025-0248,Initial Screening,2025-05-31,2025-06-03,1
PS-001130,APP-2025-0248,Technical Review,2025-06-03,2025-06-09,2
PS-001131,APP-2025-0248,Financial / Cost Review,2025-06-09,2025-06-20,3
PS-001132,APP-2025-0248,Final Assessment,2025-06-20,2025-06-22,4
PS-001133,APP-2025-0248,Decision,2025-06-22,2025-06-25,5
PS-001134,APP-2025-0249,Initial Screening,2025-04-23,2025-04-28,1
PS-001135,APP-2025-0249,Technical Review,2025-04-28,2025-05-20,2
PS-001136,APP-2025-0249,Financial / Cost Review,2025-05-20,2025-05-25,3
PS-001137,APP-2025-0249,Final Assessment,2025-05-25,2025-05-28,4
PS-001138,APP-2025-0249,Decision,2025-05-28,2025-05-30,5
PS-001139,APP-2025-0250,Initial Screening,2025-08-26,2025-08-28,1
PS-001140,APP-2025-0250,Technical Review,2025-08-28,2025-08-31,2
PS-001141,APP-2025-0250,Financial / Cost Review,2025-08-31,2025-09-05,3
PS-001142,APP-2025-0250,Final Assessment,2025-09-05,2025-09-06,4
PS-001143,APP-2025-0250,Decision,2025-09-06,2025-09-07,5
PS-001144,APP-2025-0251,Initial Screening,2025-01-13,2025-01-14,1
PS-001145,APP-2025-0251,Technical Review,2025-01-14,2025-01-29,2
PS-001146,APP-2025-0251,Financial / Cost Review,2025-01-29,,3
PS-001147,APP-2025-0252,Initial Screening,2026-01-01,2026-01-06,1
PS-001148,APP-2025-0252,Technical Review,2026-01-06,2026-01-17,2
PS-001149,APP-2025-0252,Financial / Cost Review,2026-01-17,2026-01-20,3
PS-001150,APP-2025-0252,Final Assessment,2026-01-20,2026-01-25,4
PS-001151,APP-2025-0252,Decision,2026-01-25,2026-01-27,5
PS-001152,APP-2025-0253,Initial Screening,2025-05-06,2025-05-09,1
PS-001153,APP-2025-0253,Technical Review,2025-05-09,2025-05-14,2
PS-001154,APP-2025-0253,Financial / Cost Review,2025-05-14,2025-05-16,3
PS-001155,APP-2025-0253,Final Assessment,2025-05-16,2025-05-17,4
PS-001156,APP-2025-0253,Decision,2025-05-17,2025-05-18,5
PS-001157,APP-2025-0254,Initial Screening,2025-08-15,2025-08-16,1
PS-001158,APP-2025-0254,Technical Review,2025-08-16,2025-08-30,2
PS-001159,APP-2025-0254,Financial / Cost Review,2025-08-30,2025-09-04,3
PS-001160,APP-2025-0254,Final Assessment,2025-09-04,2025-09-10,4
PS-001161,APP-2025-0254,Decision,2025-09-10,2025-09-11,5
PS-001162,APP-2025-0255,Initial Screening,2025-05-14,2025-05-19,1
PS-001163,APP-2025-0255,Technical Review,2025-05-19,2025-05-26,2
PS-001164,APP-2025-0255,Financial / Cost Review,2025-05-26,2025-05-29,3
PS-001165,APP-2025-0255,Final Assessment,2025-05-29,2025-06-01,4
PS-001166,APP-2025-0255,Decision,2025-06-01,2025-06-04,5
PS-001167,APP-2025-0256,Initial Screening,2025-02-04,2025-02-14,1
PS-001168,APP-2025-0256,Technical Review,2025-02-14,2025-02-17,2
PS-001169,APP-2025-0256,Financial / Cost Review,2025-02-17,2025-02-18,3
PS-001170,APP-2025-0256,Final Assessment,2025-02-18,2025-02-22,4
PS-001171,APP-2025-0256,Decision,2025-02-22,2025-02-23,5
PS-001172,APP-2025-0257,Initial Screening,2025-10-16,2025-10-17,1
PS-001173,APP-2025-0257,Technical Review,2025-10-17,2025-10-30,2
PS-001174,APP-2025-0257,Financial / Cost Review,2025-10-30,2025-11-15,3
PS-001175,APP-2025-0257,Final Assessment,2025-11-15,2025-11-20,4
PS-001176,APP-2025-0257,Decision,2025-11-20,2025-11-24,5
PS-001177,APP-2025-0258,Initial Screening,2025-09-22,2025-09-24,1
PS-001178,APP-2025-0258,Technical Review,2025-09-24,2025-10-07,2
PS-001179,APP-2025-0258,Financial / Cost Review,2025-10-07,2025-10-16,3
PS-001180,APP-2025-0258,Final Assessment,2025-10-16,2025-10-29,4
PS-001181,APP-2025-0258,Decision,2025-10-29,2025-10-30,5
PS-001182,APP-2025-0259,Initial Screening,2025-01-03,2025-01-04,1
PS-001183,APP-2025-0259,Technical Review,2025-01-04,,2
PS-001184,APP-2025-0260,Initial Screening,2025-09-04,2025-09-05,1
PS-001185,APP-2025-0260,Technical Review,2025-09-05,2025-09-07,2
PS-001186,APP-2025-0260,Financial / Cost Review,2025-09-07,2025-09-10,3
PS-001187,APP-2025-0260,Final Assessment,2025-09-10,2025-09-13,4
PS-001188,APP-2025-0260,Decision,2025-09-13,2025-09-16,5
PS-001189,APP-2025-0261,Initial Screening,2025-10-11,2025-10-12,1
PS-001190,APP-2025-0261,Technical Review,2025-10-12,2025-10-25,2
PS-001191,APP-2025-0261,Financial / Cost Review,2025-10-25,2025-10-31,3
PS-001192,APP-2025-0261,Final Assessment,2025-10-31,2025-11-02,4
PS-001193,APP-2025-0261,Decision,2025-11-02,2025-11-03,5
PS-001194,APP-2025-0262,Initial Screening,2025-02-16,2025-02-17,1
PS-001195,APP-2025-0262,Technical Review,2025-02-17,2025-02-28,2
PS-001196,APP-2025-0262,Financial / Cost Review,2025-02-28,2025-03-04,3
PS-001197,APP-2025-0262,Final Assessment,2025-03-04,2025-03-09,4
PS-001198,APP-2025-0262,Decision,2025-03-09,2025-03-10,5
PS-001199,APP-2025-0263,Initial Screening,2025-01-20,2025-01-21,1
PS-001200,APP-2025-0263,Technical Review,2025-01-21,2025-01-26,2
PS-001201,APP-2025-0263,Financial / Cost Review,2025-01-26,2025-01-30,3
PS-001202,APP-2025-0263,Final Assessment,2025-01-30,2025-01-31,4
PS-001203,APP-2025-0263,Decision,2025-01-31,2025-02-06,5
PS-001204,APP-2025-0264,Initial Screening,2025-11-03,2025-11-04,1
PS-001205,APP-2025-0264,Technical Review,2025-11-04,2025-11-14,2
PS-001206,APP-2025-0264,Financial / Cost Review,2025-11-14,,3
PS-001207,APP-2025-0265,Initial Screening,2025-03-29,2025-04-07,1
PS-001208,APP-2025-0265,Technical Review,2025-04-07,2025-04-16,2
PS-001209,APP-2025-0265,Financial / Cost Review,2025-04-16,2025-04-20,3
PS-001210,APP-2025-0265,Final Assessment,2025-04-20,2025-04-27,4
PS-001211,APP-2025-0265,Decision,2025-04-27,2025-05-03,5
PS-001212,APP-2025-0266,Initial Screening,2025-05-07,2025-05-09,1
PS-001213,APP-2025-0266,Technical Review,2025-05-09,2025-05-12,2
PS-001214,APP-2025-0266,Financial / Cost Review,2025-05-12,2025-05-14,3
PS-001215,APP-2025-0266,Final Assessment,2025-05-14,2025-05-18,4
PS-001216,APP-2025-0266,Decision,2025-05-18,2025-05-20,5
PS-001217,APP-2025-0267,Initial Screening,2025-10-22,2025-10-25,1
PS-001218,APP-2025-0267,Technical Review,2025-10-25,2025-10-30,2
PS-001219,APP-2025-0267,Financial / Cost Review,2025-10-30,2025-11-03,3
PS-001220,APP-2025-0267,Final Assessment,2025-11-03,2025-11-05,4
PS-001221,APP-2025-0267,Decision,2025-11-05,2025-11-06,5
PS-001222,APP-2025-0268,Initial Screening,2025-10-08,2025-10-10,1
PS-001223,APP-2025-0268,Technical Review,2025-10-10,2025-10-16,2
PS-001224,APP-2025-0268,Financial / Cost Review,2025-10-16,2025-10-28,3
PS-001225,APP-2025-0268,Final Assessment,2025-10-28,2025-11-02,4
PS-001226,APP-2025-0268,Decision,2025-11-02,2025-11-03,5
PS-001227,APP-2025-0269,Initial Screening,2025-03-05,2025-03-10,1
PS-001228,APP-2025-0269,Technical Review,2025-03-10,2025-03-19,2
PS-001229,APP-2025-0269,Financial / Cost Review,2025-03-19,2025-03-21,3
PS-001230,APP-2025-0269,Final Assessment,2025-03-21,,4
PS-001231,APP-2025-0270,Initial Screening,2025-12-07,2025-12-15,1
PS-001232,APP-2025-0270,Technical Review,2025-12-15,2025-12-27,2
PS-001233,APP-2025-0270,Financial / Cost Review,2025-12-27,2025-12-30,3
PS-001234,APP-2025-0270,Final Assessment,2025-12-30,2026-01-03,4
PS-001235,APP-2025-0270,Decision,2026-01-03,2026-01-05,5
PS-001236,APP-2025-0271,Initial Screening,2025-08-05,2025-08-07,1
PS-001237,APP-2025-0271,Technical Review,2025-08-07,2025-08-16,2
PS-001238,APP-2025-0271,Financial / Cost Review,2025-08-16,2025-08-18,3
PS-001239,APP-2025-0271,Final Assessment,2025-08-18,2025-08-31,4
PS-001240,APP-2025-0271,Decision,2025-08-31,2025-09-01,5
PS-001241,APP-2025-0272,Initial Screening,2025-05-28,2025-06-04,1
PS-001242,APP-2025-0272,Technical Review,2025-06-04,2025-06-08,2
PS-001243,APP-2025-0272,Financial / Cost Review,2025-06-08,2025-06-17,3
PS-001244,APP-2025-0272,Final Assessment,2025-06-17,2025-06-22,4
PS-001245,APP-2025-0272,Decision,2025-06-22,2025-06-23,5
PS-001246,APP-2025-0273,Initial Screening,2025-11-18,2025-11-28,1
PS-001247,APP-2025-0273,Technical Review,2025-11-28,2025-12-26,2
PS-001248,APP-2025-0273,Financial / Cost Review,2025-12-26,2026-01-02,3
PS-001249,APP-2025-0273,Final Assessment,2026-01-02,2026-01-05,4
PS-001250,APP-2025-0273,Decision,2026-01-05,2026-01-08,5
PS-001251,APP-2025-0274,Initial Screening,2025-08-19,2025-08-22,1
PS-001252,APP-2025-0274,Technical Review,2025-08-22,2025-08-29,2
PS-001253,APP-2025-0274,Financial / Cost Review,2025-08-29,2025-09-07,3
PS-001254,APP-2025-0274,Final Assessment,2025-09-07,2025-09-21,4
PS-001255,APP-2025-0274,Decision,2025-09-21,2025-09-22,5
PS-001256,APP-2025-0275,Initial Screening,2025-06-04,2025-06-08,1
PS-001257,APP-2025-0275,Technical Review,2025-06-08,2025-06-14,2
PS-001258,APP-2025-0275,Financial / Cost Review,2025-06-14,,3
PS-001259,APP-2025-0276,Initial Screening,2025-10-25,2025-10-30,1
PS-001260,APP-2025-0276,Technical Review,2025-10-30,2025-11-23,2
PS-001261,APP-2025-0276,Financial / Cost Review,2025-11-23,2025-12-04,3
PS-001262,APP-2025-0276,Final Assessment,2025-12-04,2025-12-09,4
PS-001263,APP-2025-0276,Decision,2025-12-09,2025-12-10,5
PS-001264,APP-2025-0277,Initial Screening,2025-02-21,2025-02-28,1
PS-001265,APP-2025-0277,Technical Review,2025-02-28,2025-03-10,2
PS-001266,APP-2025-0277,Financial / Cost Review,2025-03-10,,3
PS-001267,APP-2025-0278,Initial Screening,2025-09-06,2025-09-08,1
PS-001268,APP-2025-0278,Technical Review,2025-09-08,2025-09-13,2
PS-001269,APP-2025-0278,Financial / Cost Review,2025-09-13,2025-09-17,3
PS-001270,APP-2025-0278,Final Assessment,2025-09-17,2025-09-20,4
PS-001271,APP-2025-0278,Decision,2025-09-20,2025-09-25,5
PS-001272,APP-2025-0279,Initial Screening,2025-01-20,2025-01-21,1
PS-001273,APP-2025-0279,Technical Review,2025-01-21,2025-01-27,2
PS-001274,APP-2025-0279,Financial / Cost Review,2025-01-27,2025-02-03,3
PS-001275,APP-2025-0279,Final Assessment,2025-02-03,2025-02-09,4
PS-001276,APP-2025-0279,Decision,2025-02-09,2025-02-10,5
PS-001277,APP-2025-0280,Initial Screening,2025-01-03,2025-01-05,1
PS-001278,APP-2025-0280,Technical Review,2025-01-05,2025-01-07,2
PS-001279,APP-2025-0280,Financial / Cost Review,2025-01-07,2025-01-10,3
PS-001280,APP-2025-0280,Final Assessment,2025-01-10,2025-01-11,4
PS-001281,APP-2025-0280,Decision,2025-01-11,2025-01-14,5
PS-001282,APP-2025-0281,Initial Screening,2025-01-09,2025-01-11,1
PS-001283,APP-2025-0281,Technical Review,2025-01-11,2025-01-25,2
PS-001284,APP-2025-0281,Financial / Cost Review,2025-01-25,2025-01-28,3
PS-001285,APP-2025-0281,Final Assessment,2025-01-28,2025-02-01,4
PS-001286,APP-2025-0281,Decision,2025-02-01,2025-02-02,5
PS-001287,APP-2025-0282,Initial Screening,2025-08-14,2025-08-20,1
PS-001288,APP-2025-0282,Technical Review,2025-08-20,2025-08-21,2
PS-001289,APP-2025-0282,Financial / Cost Review,2025-08-21,2025-08-25,3
PS-001290,APP-2025-0282,Final Assessment,2025-08-25,,4
PS-001291,APP-2025-0283,Initial Screening,2025-10-07,2025-10-08,1
PS-001292,APP-2025-0283,Technical Review,2025-10-08,2025-10-13,2
PS-001293,APP-2025-0283,Financial / Cost Review,2025-10-13,2025-10-14,3
PS-001294,APP-2025-0283,Final Assessment,2025-10-14,2025-10-16,4
PS-001295,APP-2025-0283,Decision,2025-10-16,2025-10-19,5
PS-001296,APP-2025-0284,Initial Screening,2025-07-19,2025-07-21,1
PS-001297,APP-2025-0284,Technical Review,2025-07-21,2025-08-02,2
PS-001298,APP-2025-0284,Financial / Cost Review,2025-08-02,2025-08-07,3
PS-001299,APP-2025-0284,Final Assessment,2025-08-07,2025-08-13,4
PS-001300,APP-2025-0284,Decision,2025-08-13,2025-08-15,5
PS-001301,APP-2025-0285,Initial Screening,2025-12-21,2025-12-24,1
PS-001302,APP-2025-0285,Technical Review,2025-12-24,2025-12-27,2
PS-001303,APP-2025-0285,Financial / Cost Review,2025-12-27,2025-12-30,3
PS-001304,APP-2025-0285,Final Assessment,2025-12-30,2026-01-01,4
PS-001305,APP-2025-0285,Decision,2026-01-01,2026-01-02,5
PS-001306,APP-2025-0286,Initial Screening,2025-06-03,2025-06-08,1
PS-001307,APP-2025-0286,Technical Review,2025-06-08,2025-06-18,2
PS-001308,APP-2025-0286,Financial / Cost Review,2025-06-18,2025-06-23,3
PS-001309,APP-2025-0286,Final Assessment,2025-06-23,2025-06-24,4
PS-001310,APP-2025-0286,Decision,2025-06-24,2025-06-25,5
PS-001311,APP-2025-0287,Initial Screening,2025-11-21,2025-11-25,1
PS-001312,APP-2025-0287,Technical Review,2025-11-25,2025-11-29,2
PS-001313,APP-2025-0287,Financial / Cost Review,2025-11-29,2025-12-02,3
PS-001314,APP-2025-0287,Final Assessment,2025-12-02,2025-12-09,4
PS-001315,APP-2025-0287,Decision,2025-12-09,2025-12-11,5
PS-001316,APP-2025-0288,Initial Screening,2025-10-18,2025-10-19,1
PS-001317,APP-2025-0288,Technical Review,2025-10-19,2025-10-20,2
PS-001318,APP-2025-0288,Financial / Cost Review,2025-10-20,2025-10-22,3
PS-001319,APP-2025-0288,Final Assessment,2025-10-22,2025-10-23,4
PS-001320,APP-2025-0288,Decision,2025-10-23,2025-10-24,5
PS-001321,APP-2025-0289,Initial Screening,2025-07-17,2025-07-19,1
PS-001322,APP-2025-0289,Technical Review,2025-07-19,2025-07-23,2
PS-001323,APP-2025-0289,Financial / Cost Review,2025-07-23,2025-07-25,3
PS-001324,APP-2025-0289,Final Assessment,2025-07-25,2025-07-30,4
PS-001325,APP-2025-0289,Decision,2025-07-30,2025-08-01,5
PS-001326,APP-2025-0290,Initial Screening,2025-10-14,2025-10-17,1
PS-001327,APP-2025-0290,Technical Review,2025-10-17,2025-10-21,2
PS-001328,APP-2025-0290,Financial / Cost Review,2025-10-21,2025-10-22,3
PS-001329,APP-2025-0290,Final Assessment,2025-10-22,2025-10-23,4
PS-001330,APP-2025-0290,Decision,2025-10-23,2025-10-24,5
PS-001331,APP-2025-0291,Initial Screening,2025-02-16,2025-02-21,1
PS-001332,APP-2025-0291,Technical Review,2025-02-21,2025-03-12,2
PS-001333,APP-2025-0291,Financial / Cost Review,2025-03-12,2025-03-17,3
PS-001334,APP-2025-0291,Final Assessment,2025-03-17,2025-03-22,4
PS-001335,APP-2025-0291,Decision,2025-03-22,2025-03-23,5
PS-001336,APP-2025-0292,Initial Screening,2025-08-30,2025-09-01,1
PS-001337,APP-2025-0292,Technical Review,2025-09-01,2025-09-07,2
PS-001338,APP-2025-0292,Financial / Cost Review,2025-09-07,2025-09-21,3
PS-001339,APP-2025-0292,Final Assessment,2025-09-21,2025-09-29,4
PS-001340,APP-2025-0292,Decision,2025-09-29,2025-10-05,5
PS-001341,APP-2025-0293,Initial Screening,2025-08-25,,1
PS-001342,APP-2025-0294,Initial Screening,2025-07-14,2025-07-15,1
PS-001343,APP-2025-0294,Technical Review,2025-07-15,2025-07-23,2
PS-001344,APP-2025-0294,Financial / Cost Review,2025-07-23,2025-07-31,3
PS-001345,APP-2025-0294,Final Assessment,2025-07-31,2025-08-03,4
PS-001346,APP-2025-0294,Decision,2025-08-03,2025-08-04,5
PS-001347,APP-2025-0295,Initial Screening,2025-01-19,2025-01-22,1
PS-001348,APP-2025-0295,Technical Review,2025-01-22,2025-01-30,2
PS-001349,APP-2025-0295,Financial / Cost Review,2025-01-30,2025-02-02,3
PS-001350,APP-2025-0295,Final Assessment,2025-02-02,2025-02-04,4
PS-001351,APP-2025-0295,Decision,2025-02-04,2025-02-05,5
PS-001352,APP-2025-0296,Initial Screening,2025-06-29,2025-07-02,1
PS-001353,APP-2025-0296,Technical Review,2025-07-02,2025-07-03,2
PS-001354,APP-2025-0296,Financial / Cost Review,2025-07-03,2025-07-04,3
PS-001355,APP-2025-0296,Final Assessment,2025-07-04,2025-07-05,4
PS-001356,APP-2025-0296,Decision,2025-07-05,2025-07-06,5
PS-001357,APP-2025-0297,Initial Screening,2025-04-14,2025-04-19,1
PS-001358,APP-2025-0297,Technical Review,2025-04-19,2025-05-04,2
PS-001359,APP-2025-0297,Financial / Cost Review,2025-05-04,2025-05-05,3
PS-001360,APP-2025-0297,Final Assessment,2025-05-05,2025-05-07,4
PS-001361,APP-2025-0297,Decision,2025-05-07,2025-05-09,5
PS-001362,APP-2025-0298,Initial Screening,2025-04-20,2025-04-22,1
PS-001363,APP-2025-0298,Technical Review,2025-04-22,2025-05-03,2
PS-001364,APP-2025-0298,Financial / Cost Review,2025-05-03,2025-05-06,3
PS-001365,APP-2025-0298,Final Assessment,2025-05-06,2025-05-17,4
PS-001366,APP-2025-0298,Decision,2025-05-17,2025-05-26,5
PS-001367,APP-2025-0299,Initial Screening,2025-10-26,2025-10-27,1
PS-001368,APP-2025-0299,Technical Review,2025-10-27,2025-11-09,2
PS-001369,APP-2025-0299,Financial / Cost Review,2025-11-09,2025-11-10,3
PS-001370,APP-2025-0299,Final Assessment,2025-11-10,2025-11-12,4
PS-001371,APP-2025-0299,Decision,2025-11-12,2025-11-13,5
PS-001372,APP-2025-0300,Initial Screening,2025-02-15,2025-02-18,1
PS-001373,APP-2025-0300,Technical Review,2025-02-18,2025-02-21,2
PS-001374,APP-2025-0300,Financial / Cost Review,2025-02-21,2025-02-22,3
PS-001375,APP-2025-0300,Final Assessment,2025-02-22,2025-02-23,4
PS-001376,APP-2025-0300,Decision,2025-02-23,2025-02-24,5
PS-001377,APP-2025-0301,Initial Screening,2025-08-14,2025-08-16,1
PS-001378,APP-2025-0301,Technical Review,2025-08-16,2025-08-27,2
PS-001379,APP-2025-0301,Financial / Cost Review,2025-08-27,2025-09-03,3
PS-001380,APP-2025-0301,Final Assessment,2025-09-03,2025-09-06,4
PS-001381,APP-2025-0301,Decision,2025-09-06,2025-09-08,5
PS-001382,APP-2025-0302,Initial Screening,2025-09-07,2025-09-08,1
PS-001383,APP-2025-0302,Technical Review,2025-09-08,2025-09-11,2
PS-001384,APP-2025-0302,Financial / Cost Review,2025-09-11,2025-09-18,3
PS-001385,APP-2025-0302,Final Assessment,2025-09-18,2025-09-24,4
PS-001386,APP-2025-0302,Decision,2025-09-24,2025-09-26,5
PS-001387,APP-2025-0303,Initial Screening,2025-12-28,2026-01-02,1
PS-001388,APP-2025-0303,Technical Review,2026-01-02,2026-01-05,2
PS-001389,APP-2025-0303,Financial / Cost Review,2026-01-05,,3
PS-001390,APP-2025-0304,Initial Screening,2025-06-11,2025-06-14,1
PS-001391,APP-2025-0304,Technical Review,2025-06-14,2025-06-30,2
PS-001392,APP-2025-0304,Financial / Cost Review,2025-06-30,2025-07-06,3
PS-001393,APP-2025-0304,Final Assessment,2025-07-06,2025-07-23,4
PS-001394,APP-2025-0304,Decision,2025-07-23,2025-07-28,5
PS-001395,APP-2025-0305,Initial Screening,2025-08-27,2025-08-28,1
PS-001396,APP-2025-0305,Technical Review,2025-08-28,2025-09-01,2
PS-001397,APP-2025-0305,Financial / Cost Review,2025-09-01,2025-09-10,3
PS-001398,APP-2025-0305,Final Assessment,2025-09-10,2025-09-18,4
PS-001399,APP-2025-0305,Decision,2025-09-18,2025-09-19,5
PS-001400,APP-2025-0306,Initial Screening,2025-06-28,2025-07-02,1
PS-001401,APP-2025-0306,Technical Review,2025-07-02,2025-07-06,2
PS-001402,APP-2025-0306,Financial / Cost Review,2025-07-06,2025-07-10,3
PS-001403,APP-2025-0306,Final Assessment,2025-07-10,2025-07-13,4
PS-001404,APP-2025-0306,Decision,2025-07-13,2025-07-16,5
PS-001405,APP-2025-0307,Initial Screening,2025-06-18,2025-06-21,1
PS-001406,APP-2025-0307,Technical Review,2025-06-21,2025-06-27,2
PS-001407,APP-2025-0307,Financial / Cost Review,2025-06-27,2025-06-29,3
PS-001408,APP-2025-0307,Final Assessment,2025-06-29,2025-07-01,4
PS-001409,APP-2025-0307,Decision,2025-07-01,2025-07-03,5
PS-001410,APP-2025-0308,Initial Screening,2025-07-19,2025-07-23,1
PS-001411,APP-2025-0308,Technical Review,2025-07-23,2025-07-30,2
PS-001412,APP-2025-0308,Financial / Cost Review,2025-07-30,2025-08-06,3
PS-001413,APP-2025-0308,Final Assessment,2025-08-06,2025-08-08,4
PS-001414,APP-2025-0308,Decision,2025-08-08,2025-08-12,5
PS-001415,APP-2025-0309,Initial Screening,2025-03-25,2025-03-26,1
PS-001416,APP-2025-0309,Technical Review,2025-03-26,2025-04-14,2
PS-001417,APP-2025-0309,Financial / Cost Review,2025-04-14,2025-04-19,3
PS-001418,APP-2025-0309,Final Assessment,2025-04-19,2025-04-21,4
PS-001419,APP-2025-0309,Decision,2025-04-21,2025-04-22,5
PS-001420,APP-2025-0310,Initial Screening,2025-03-23,2025-03-25,1
PS-001421,APP-2025-0310,Technical Review,2025-03-25,2025-04-08,2
PS-001422,APP-2025-0310,Financial / Cost Review,2025-04-08,2025-04-10,3
PS-001423,APP-2025-0310,Final Assessment,2025-04-10,2025-04-11,4
PS-001424,APP-2025-0310,Decision,2025-04-11,2025-04-16,5
PS-001425,APP-2025-0311,Initial Screening,2025-09-12,2025-09-13,1
PS-001426,APP-2025-0311,Technical Review,2025-09-13,2025-09-21,2
PS-001427,APP-2025-0311,Financial / Cost Review,2025-09-21,,3
PS-001428,APP-2025-0312,Initial Screening,2025-11-07,2025-11-18,1
PS-001429,APP-2025-0312,Technical Review,2025-11-18,2025-11-24,2
PS-001430,APP-2025-0312,Financial / Cost Review,2025-11-24,2025-11-28,3
PS-001431,APP-2025-0312,Final Assessment,2025-11-28,2025-12-03,4
PS-001432,APP-2025-0312,Decision,2025-12-03,2025-12-04,5
PS-001433,APP-2025-0313,Initial Screening,2025-12-27,2025-12-30,1
PS-001434,APP-2025-0313,Technical Review,2025-12-30,2026-01-07,2
PS-001435,APP-2025-0313,Financial / Cost Review,2026-01-07,2026-01-12,3
PS-001436,APP-2025-0313,Final Assessment,2026-01-12,2026-01-15,4
PS-001437,APP-2025-0313,Decision,2026-01-15,2026-01-16,5
PS-001438,APP-2025-0314,Initial Screening,2025-06-01,2025-06-03,1
PS-001439,APP-2025-0314,Technical Review,2025-06-03,2025-06-07,2
PS-001440,APP-2025-0314,Financial / Cost Review,2025-06-07,2025-06-12,3
PS-001441,APP-2025-0314,Final Assessment,2025-06-12,2025-06-13,4
PS-001442,APP-2025-0314,Decision,2025-06-13,2025-06-14,5
PS-001443,APP-2025-0315,Initial Screening,2025-11-19,,1
PS-001444,APP-2025-0316,Initial Screening,2025-02-12,2025-02-14,1
PS-001445,APP-2025-0316,Technical Review,2025-02-14,2025-03-14,2
PS-001446,APP-2025-0316,Financial / Cost Review,2025-03-14,2025-03-23,3
PS-001447,APP-2025-0316,Final Assessment,2025-03-23,,4
PS-001448,APP-2025-0317,Initial Screening,2025-11-09,2025-11-12,1
PS-001449,APP-2025-0317,Technical Review,2025-11-12,2025-11-23,2
PS-001450,APP-2025-0317,Financial / Cost Review,2025-11-23,2025-11-24,3
PS-001451,APP-2025-0317,Final Assessment,2025-11-24,2025-11-25,4
PS-001452,APP-2025-0317,Decision,2025-11-25,2025-11-26,5
PS-001453,APP-2025-0318,Initial Screening,2025-10-02,2025-10-03,1
PS-001454,APP-2025-0318,Technical Review,2025-10-03,2025-10-05,2
PS-001455,APP-2025-0318,Financial / Cost Review,2025-10-05,2025-10-13,3
PS-001456,APP-2025-0318,Final Assessment,2025-10-13,2025-10-16,4
PS-001457,APP-2025-0318,Decision,2025-10-16,2025-10-17,5
PS-001458,APP-2025-0319,Initial Screening,2025-09-08,2025-09-09,1
PS-001459,APP-2025-0319,Technical Review,2025-09-09,2025-09-17,2
PS-001460,APP-2025-0319,Financial / Cost Review,2025-09-17,2025-09-19,3
PS-001461,APP-2025-0319,Final Assessment,2025-09-19,2025-10-01,4
PS-001462,APP-2025-0319,Decision,2025-10-01,2025-10-03,5
PS-001463,APP-2025-0320,Initial Screening,2025-05-10,2025-05-12,1
PS-001464,APP-2025-0320,Technical Review,2025-05-12,2025-05-18,2
PS-001465,APP-2025-0320,Financial / Cost Review,2025-05-18,2025-05-20,3
PS-001466,APP-2025-0320,Final Assessment,2025-05-20,2025-05-22,4
PS-001467,APP-2025-0320,Decision,2025-05-22,2025-05-25,5
PS-001468,APP-2025-0321,Initial Screening,2025-09-30,2025-10-02,1
PS-001469,APP-2025-0321,Technical Review,2025-10-02,2025-10-13,2
PS-001470,APP-2025-0321,Financial / Cost Review,2025-10-13,2025-10-15,3
PS-001471,APP-2025-0321,Final Assessment,2025-10-15,2025-10-19,4
PS-001472,APP-2025-0321,Decision,2025-10-19,2025-10-20,5
PS-001473,APP-2025-0322,Initial Screening,2025-07-25,2025-07-27,1
PS-001474,APP-2025-0322,Technical Review,2025-07-27,2025-08-09,2
PS-001475,APP-2025-0322,Financial / Cost Review,2025-08-09,2025-08-13,3
PS-001476,APP-2025-0322,Final Assessment,2025-08-13,2025-08-21,4
PS-001477,APP-2025-0322,Decision,2025-08-21,2025-08-23,5
PS-001478,APP-2025-0323,Initial Screening,2025-08-15,2025-08-18,1
PS-001479,APP-2025-0323,Technical Review,2025-08-18,2025-08-26,2
PS-001480,APP-2025-0323,Financial / Cost Review,2025-08-26,2025-09-05,3
PS-001481,APP-2025-0323,Final Assessment,2025-09-05,2025-09-08,4
PS-001482,APP-2025-0323,Decision,2025-09-08,2025-09-12,5
PS-001483,APP-2025-0324,Initial Screening,2025-01-20,2025-01-23,1
PS-001484,APP-2025-0324,Technical Review,2025-01-23,2025-01-25,2
PS-001485,APP-2025-0324,Financial / Cost Review,2025-01-25,2025-01-29,3
PS-001486,APP-2025-0324,Final Assessment,2025-01-29,2025-01-30,4
PS-001487,APP-2025-0324,Decision,2025-01-30,2025-01-31,5
PS-001488,APP-2025-0325,Initial Screening,2025-11-18,2025-11-20,1
PS-001489,APP-2025-0325,Technical Review,2025-11-20,2025-11-22,2
PS-001490,APP-2025-0325,Financial / Cost Review,2025-11-22,,3
PS-001491,APP-2025-0326,Initial Screening,2025-11-08,2025-11-09,1
PS-001492,APP-2025-0326,Technical Review,2025-11-09,2025-11-24,2
PS-001493,APP-2025-0326,Financial / Cost Review,2025-11-24,,3
PS-001494,APP-2025-0327,Initial Screening,2025-01-30,2025-02-03,1
PS-001495,APP-2025-0327,Technical Review,2025-02-03,2025-02-22,2
PS-001496,APP-2025-0327,Financial / Cost Review,2025-02-22,2025-02-27,3
PS-001497,APP-2025-0327,Final Assessment,2025-02-27,2025-03-01,4
PS-001498,APP-2025-0327,Decision,2025-03-01,2025-03-06,5
PS-001499,APP-2025-0328,Initial Screening,2025-12-24,2025-12-29,1
PS-001500,APP-2025-0328,Technical Review,2025-12-29,2026-01-01,2
PS-001501,APP-2025-0328,Financial / Cost Review,2026-01-01,2026-01-05,3
PS-001502,APP-2025-0328,Final Assessment,2026-01-05,2026-01-06,4
PS-001503,APP-2025-0328,Decision,2026-01-06,2026-01-08,5
PS-001504,APP-2025-0329,Initial Screening,2025-03-22,2025-03-24,1
PS-001505,APP-2025-0329,Technical Review,2025-03-24,2025-04-02,2
PS-001506,APP-2025-0329,Financial / Cost Review,2025-04-02,2025-04-06,3
PS-001507,APP-2025-0329,Final Assessment,2025-04-06,2025-04-10,4
PS-001508,APP-2025-0329,Decision,2025-04-10,2025-04-11,5
PS-001509,APP-2025-0330,Initial Screening,2025-03-11,2025-03-12,1
PS-001510,APP-2025-0330,Technical Review,2025-03-12,2025-03-30,2
PS-001511,APP-2025-0330,Financial / Cost Review,2025-03-30,2025-04-09,3
PS-001512,APP-2025-0330,Final Assessment,2025-04-09,2025-04-16,4
PS-001513,APP-2025-0330,Decision,2025-04-16,2025-04-17,5
PS-001514,APP-2025-0331,Initial Screening,2025-07-12,2025-07-14,1
PS-001515,APP-2025-0331,Technical Review,2025-07-14,2025-08-03,2
PS-001516,APP-2025-0331,Financial / Cost Review,2025-08-03,2025-08-08,3
PS-001517,APP-2025-0331,Final Assessment,2025-08-08,2025-08-09,4
PS-001518,APP-2025-0331,Decision,2025-08-09,2025-08-12,5
PS-001519,APP-2025-0332,Initial Screening,2025-08-05,2025-08-08,1
PS-001520,APP-2025-0332,Technical Review,2025-08-08,2025-08-13,2
PS-001521,APP-2025-0332,Financial / Cost Review,2025-08-13,2025-08-23,3
PS-001522,APP-2025-0332,Final Assessment,2025-08-23,2025-09-03,4
PS-001523,APP-2025-0332,Decision,2025-09-03,2025-09-06,5
PS-001524,APP-2025-0333,Initial Screening,2025-05-04,2025-05-05,1
PS-001525,APP-2025-0333,Technical Review,2025-05-05,2025-05-11,2
PS-001526,APP-2025-0333,Financial / Cost Review,2025-05-11,2025-05-13,3
PS-001527,APP-2025-0333,Final Assessment,2025-05-13,2025-05-15,4
PS-001528,APP-2025-0333,Decision,2025-05-15,2025-05-16,5
PS-001529,APP-2025-0334,Initial Screening,2025-06-25,2025-06-27,1
PS-001530,APP-2025-0334,Technical Review,2025-06-27,2025-07-05,2
PS-001531,APP-2025-0334,Financial / Cost Review,2025-07-05,2025-07-16,3
PS-001532,APP-2025-0334,Final Assessment,2025-07-16,2025-07-19,4
PS-001533,APP-2025-0334,Decision,2025-07-19,2025-07-20,5
PS-001534,APP-2025-0335,Initial Screening,2025-04-03,2025-04-09,1
PS-001535,APP-2025-0335,Technical Review,2025-04-09,,2
PS-001536,APP-2025-0336,Initial Screening,2025-07-05,2025-07-09,1
PS-001537,APP-2025-0336,Technical Review,2025-07-09,2025-07-16,2
PS-001538,APP-2025-0336,Financial / Cost Review,2025-07-16,2025-07-19,3
PS-001539,APP-2025-0336,Final Assessment,2025-07-19,2025-07-20,4
PS-001540,APP-2025-0336,Decision,2025-07-20,2025-07-21,5
PS-001541,APP-2025-0337,Initial Screening,2025-09-19,,1
PS-001542,APP-2025-0338,Initial Screening,2025-01-10,2025-01-12,1
PS-001543,APP-2025-0338,Technical Review,2025-01-12,2025-01-21,2
PS-001544,APP-2025-0338,Financial / Cost Review,2025-01-21,2025-01-22,3
PS-001545,APP-2025-0338,Final Assessment,2025-01-22,2025-01-23,4
PS-001546,APP-2025-0338,Decision,2025-01-23,2025-01-26,5
PS-001547,APP-2025-0339,Initial Screening,2025-07-26,2025-07-30,1
PS-001548,APP-2025-0339,Technical Review,2025-07-30,2025-08-24,2
PS-001549,APP-2025-0339,Financial / Cost Review,2025-08-24,2025-08-28,3
PS-001550,APP-2025-0339,Final Assessment,2025-08-28,2025-09-06,4
PS-001551,APP-2025-0339,Decision,2025-09-06,2025-09-09,5
PS-001552,APP-2025-0340,Initial Screening,2025-04-12,2025-04-16,1
PS-001553,APP-2025-0340,Technical Review,2025-04-16,2025-04-25,2
PS-001554,APP-2025-0340,Financial / Cost Review,2025-04-25,2025-05-02,3
PS-001555,APP-2025-0340,Final Assessment,2025-05-02,2025-05-03,4
PS-001556,APP-2025-0340,Decision,2025-05-03,2025-05-08,5
PS-001557,APP-2025-0341,Initial Screening,2025-03-23,2025-03-26,1
PS-001558,APP-2025-0341,Technical Review,2025-03-26,2025-04-16,2
PS-001559,APP-2025-0341,Financial / Cost Review,2025-04-16,2025-04-22,3
PS-001560,APP-2025-0341,Final Assessment,2025-04-22,2025-04-25,4
PS-001561,APP-2025-0341,Decision,2025-04-25,2025-04-26,5
PS-001562,APP-2025-0342,Initial Screening,2025-04-12,2025-04-17,1
PS-001563,APP-2025-0342,Technical Review,2025-04-17,2025-04-21,2
PS-001564,APP-2025-0342,Financial / Cost Review,2025-04-21,2025-04-24,3
PS-001565,APP-2025-0342,Final Assessment,2025-04-24,2025-04-25,4
PS-001566,APP-2025-0342,Decision,2025-04-25,2025-04-26,5
PS-001567,APP-2025-0343,Initial Screening,2025-05-29,,1
PS-001568,APP-2025-0344,Initial Screening,2025-03-25,2025-03-30,1
PS-001569,APP-2025-0344,Technical Review,2025-03-30,2025-04-05,2
PS-001570,APP-2025-0344,Financial / Cost Review,2025-04-05,2025-04-09,3
PS-001571,APP-2025-0344,Final Assessment,2025-04-09,2025-04-12,4
PS-001572,APP-2025-0344,Decision,2025-04-12,2025-04-18,5
PS-001573,APP-2025-0345,Initial Screening,2025-10-26,2025-10-29,1
PS-001574,APP-2025-0345,Technical Review,2025-10-29,2025-11-08,2
PS-001575,APP-2025-0345,Financial / Cost Review,2025-11-08,2025-11-21,3
PS-001576,APP-2025-0345,Final Assessment,2025-11-21,2025-11-22,4
PS-001577,APP-2025-0345,Decision,2025-11-22,2025-11-23,5
PS-001578,APP-2025-0346,Initial Screening,2025-09-03,2025-09-06,1
PS-001579,APP-2025-0346,Technical Review,2025-09-06,2025-09-13,2
PS-001580,APP-2025-0346,Financial / Cost Review,2025-09-13,2025-09-15,3
PS-001581,APP-2025-0346,Final Assessment,2025-09-15,2025-09-16,4
PS-001582,APP-2025-0346,Decision,2025-09-16,2025-09-17,5
PS-001583,APP-2025-0347,Initial Screening,2025-08-22,2025-08-23,1
PS-001584,APP-2025-0347,Technical Review,2025-08-23,2025-08-31,2
PS-001585,APP-2025-0347,Financial / Cost Review,2025-08-31,2025-09-04,3
PS-001586,APP-2025-0347,Final Assessment,2025-09-04,,4
PS-001587,APP-2025-0348,Initial Screening,2025-07-11,2025-07-12,1
PS-001588,APP-2025-0348,Technical Review,2025-07-12,2025-07-14,2
PS-001589,APP-2025-0348,Financial / Cost Review,2025-07-14,2025-07-22,3
PS-001590,APP-2025-0348,Final Assessment,2025-07-22,2025-07-24,4
PS-001591,APP-2025-0348,Decision,2025-07-24,2025-07-27,5
PS-001592,APP-2025-0349,Initial Screening,2025-06-25,,1
PS-001593,APP-2025-0350,Initial Screening,2025-11-04,2025-11-09,1
PS-001594,APP-2025-0350,Technical Review,2025-11-09,,2
PS-001595,APP-2025-0351,Initial Screening,2025-09-17,2025-09-18,1
PS-001596,APP-2025-0351,Technical Review,2025-09-18,2025-09-24,2
PS-001597,APP-2025-0351,Financial / Cost Review,2025-09-24,2025-09-27,3
PS-001598,APP-2025-0351,Final Assessment,2025-09-27,2025-09-28,4
PS-001599,APP-2025-0351,Decision,2025-09-28,2025-10-01,5
PS-001600,APP-2025-0352,Initial Screening,2025-11-04,2025-11-07,1
PS-001601,APP-2025-0352,Technical Review,2025-11-07,,2
PS-001602,APP-2025-0353,Initial Screening,2025-06-29,2025-07-02,1
PS-001603,APP-2025-0353,Technical Review,2025-07-02,2025-07-06,2
PS-001604,APP-2025-0353,Financial / Cost Review,2025-07-06,2025-07-12,3
PS-001605,APP-2025-0353,Final Assessment,2025-07-12,2025-07-14,4
PS-001606,APP-2025-0353,Decision,2025-07-14,2025-07-18,5
PS-001607,APP-2025-0354,Initial Screening,2025-03-05,2025-03-06,1
PS-001608,APP-2025-0354,Technical Review,2025-03-06,2025-03-24,2
PS-001609,APP-2025-0354,Financial / Cost Review,2025-03-24,2025-03-28,3
PS-001610,APP-2025-0354,Final Assessment,2025-03-28,2025-03-31,4
PS-001611,APP-2025-0354,Decision,2025-03-31,2025-04-02,5
PS-001612,APP-2025-0355,Initial Screening,2025-08-09,2025-08-10,1
PS-001613,APP-2025-0355,Technical Review,2025-08-10,2025-08-15,2
PS-001614,APP-2025-0355,Financial / Cost Review,2025-08-15,2025-08-18,3
PS-001615,APP-2025-0355,Final Assessment,2025-08-18,2025-08-19,4
PS-001616,APP-2025-0355,Decision,2025-08-19,2025-08-21,5
PS-001617,APP-2025-0356,Initial Screening,2025-02-15,,1
PS-001618,APP-2025-0357,Initial Screening,2025-09-10,2025-09-11,1
PS-001619,APP-2025-0357,Technical Review,2025-09-11,2025-09-20,2
PS-001620,APP-2025-0357,Financial / Cost Review,2025-09-20,2025-09-23,3
PS-001621,APP-2025-0357,Final Assessment,2025-09-23,2025-09-30,4
PS-001622,APP-2025-0357,Decision,2025-09-30,2025-10-03,5
PS-001623,APP-2025-0358,Initial Screening,2025-09-23,2025-09-24,1
PS-001624,APP-2025-0358,Technical Review,2025-09-24,2025-09-29,2
PS-001625,APP-2025-0358,Financial / Cost Review,2025-09-29,2025-09-30,3
PS-001626,APP-2025-0358,Final Assessment,2025-09-30,2025-10-03,4
PS-001627,APP-2025-0358,Decision,2025-10-03,2025-10-05,5
PS-001628,APP-2025-0359,Initial Screening,2025-02-05,2025-02-08,1
PS-001629,APP-2025-0359,Technical Review,2025-02-08,2025-02-26,2
PS-001630,APP-2025-0359,Financial / Cost Review,2025-02-26,2025-03-06,3
PS-001631,APP-2025-0359,Final Assessment,2025-03-06,2025-03-07,4
PS-001632,APP-2025-0359,Decision,2025-03-07,2025-03-09,5
PS-001633,APP-2025-0360,Initial Screening,2025-12-04,2025-12-05,1
PS-001634,APP-2025-0360,Technical Review,2025-12-05,2025-12-20,2
PS-001635,APP-2025-0360,Financial / Cost Review,2025-12-20,2025-12-23,3
PS-001636,APP-2025-0360,Final Assessment,2025-12-23,2025-12-25,4
PS-001637,APP-2025-0360,Decision,2025-12-25,2025-12-26,5
PS-001638,APP-2025-0361,Initial Screening,2025-09-03,2025-09-05,1
PS-001639,APP-2025-0361,Technical Review,2025-09-05,2025-09-10,2
PS-001640,APP-2025-0361,Financial / Cost Review,2025-09-10,2025-09-11,3
PS-001641,APP-2025-0361,Final Assessment,2025-09-11,,4
PS-001642,APP-2025-0362,Initial Screening,2025-05-10,2025-05-12,1
PS-001643,APP-2025-0362,Technical Review,2025-05-12,2025-05-21,2
PS-001644,APP-2025-0362,Financial / Cost Review,2025-05-21,2025-05-24,3
PS-001645,APP-2025-0362,Final Assessment,2025-05-24,2025-05-28,4
PS-001646,APP-2025-0362,Decision,2025-05-28,2025-05-31,5
PS-001647,APP-2025-0363,Initial Screening,2025-10-04,2025-10-06,1
PS-001648,APP-2025-0363,Technical Review,2025-10-06,2025-10-11,2
PS-001649,APP-2025-0363,Financial / Cost Review,2025-10-11,2025-10-16,3
PS-001650,APP-2025-0363,Final Assessment,2025-10-16,2025-10-19,4
PS-001651,APP-2025-0363,Decision,2025-10-19,2025-10-20,5
PS-001652,APP-2025-0364,Initial Screening,2025-02-03,2025-02-08,1
PS-001653,APP-2025-0364,Technical Review,2025-02-08,2025-02-14,2
PS-001654,APP-2025-0364,Financial / Cost Review,2025-02-14,2025-02-24,3
PS-001655,APP-2025-0364,Final Assessment,2025-02-24,2025-02-28,4
PS-001656,APP-2025-0364,Decision,2025-02-28,2025-03-01,5
PS-001657,APP-2025-0365,Initial Screening,2025-09-05,2025-09-13,1
PS-001658,APP-2025-0365,Technical Review,2025-09-13,2025-09-24,2
PS-001659,APP-2025-0365,Financial / Cost Review,2025-09-24,,3
PS-001660,APP-2025-0366,Initial Screening,2025-07-12,,1
PS-001661,APP-2025-0367,Initial Screening,2025-06-22,2025-06-23,1
PS-001662,APP-2025-0367,Technical Review,2025-06-23,2025-06-28,2
PS-001663,APP-2025-0367,Financial / Cost Review,2025-06-28,2025-07-04,3
PS-001664,APP-2025-0367,Final Assessment,2025-07-04,2025-07-08,4
PS-001665,APP-2025-0367,Decision,2025-07-08,2025-07-10,5
PS-001666,APP-2025-0368,Initial Screening,2025-01-12,2025-01-14,1
PS-001667,APP-2025-0368,Technical Review,2025-01-14,2025-02-17,2
PS-001668,APP-2025-0368,Financial / Cost Review,2025-02-17,2025-02-20,3
PS-001669,APP-2025-0368,Final Assessment,2025-02-20,2025-02-24,4
PS-001670,APP-2025-0368,Decision,2025-02-24,2025-02-26,5
PS-001671,APP-2025-0369,Initial Screening,2025-09-25,2025-09-26,1
PS-001672,APP-2025-0369,Technical Review,2025-09-26,2025-10-01,2
PS-001673,APP-2025-0369,Financial / Cost Review,2025-10-01,,3
PS-001674,APP-2025-0370,Initial Screening,2025-01-06,,1
PS-001675,APP-2025-0371,Initial Screening,2025-10-22,2025-10-25,1
PS-001676,APP-2025-0371,Technical Review,2025-10-25,2025-10-31,2
PS-001677,APP-2025-0371,Financial / Cost Review,2025-10-31,2025-11-04,3
PS-001678,APP-2025-0371,Final Assessment,2025-11-04,2025-11-06,4
PS-001679,APP-2025-0371,Decision,2025-11-06,2025-11-10,5
PS-001680,APP-2025-0372,Initial Screening,2025-02-23,2025-03-01,1
PS-001681,APP-2025-0372,Technical Review,2025-03-01,2025-03-04,2
PS-001682,APP-2025-0372,Financial / Cost Review,2025-03-04,2025-03-06,3
PS-001683,APP-2025-0372,Final Assessment,2025-03-06,2025-03-09,4
PS-001684,APP-2025-0372,Decision,2025-03-09,2025-03-11,5
PS-001685,APP-2025-0373,Initial Screening,2025-01-15,2025-01-19,1
PS-001686,APP-2025-0373,Technical Review,2025-01-19,2025-01-27,2
PS-001687,APP-2025-0373,Financial / Cost Review,2025-01-27,2025-01-30,3
PS-001688,APP-2025-0373,Final Assessment,2025-01-30,2025-01-31,4
PS-001689,APP-2025-0373,Decision,2025-01-31,2025-02-02,5
PS-001690,APP-2025-0374,Initial Screening,2025-08-13,2025-08-14,1
PS-001691,APP-2025-0374,Technical Review,2025-08-14,2025-08-26,2
PS-001692,APP-2025-0374,Financial / Cost Review,2025-08-26,2025-09-07,3
PS-001693,APP-2025-0374,Final Assessment,2025-09-07,2025-09-09,4
PS-001694,APP-2025-0374,Decision,2025-09-09,2025-09-11,5
PS-001695,APP-2025-0375,Initial Screening,2025-03-31,2025-04-02,1
PS-001696,APP-2025-0375,Technical Review,2025-04-02,2025-04-07,2
PS-001697,APP-2025-0375,Financial / Cost Review,2025-04-07,2025-04-08,3
PS-001698,APP-2025-0375,Final Assessment,2025-04-08,2025-04-10,4
PS-001699,APP-2025-0375,Decision,2025-04-10,2025-04-12,5
PS-001700,APP-2025-0376,Initial Screening,2025-04-08,2025-04-09,1
PS-001701,APP-2025-0376,Technical Review,2025-04-09,2025-04-13,2
PS-001702,APP-2025-0376,Financial / Cost Review,2025-04-13,2025-04-17,3
PS-001703,APP-2025-0376,Final Assessment,2025-04-17,2025-04-18,4
PS-001704,APP-2025-0376,Decision,2025-04-18,2025-04-21,5
PS-001705,APP-2025-0377,Initial Screening,2025-12-18,2025-12-20,1
PS-001706,APP-2025-0377,Technical Review,2025-12-20,2025-12-22,2
PS-001707,APP-2025-0377,Financial / Cost Review,2025-12-22,2025-12-26,3
PS-001708,APP-2025-0377,Final Assessment,2025-12-26,2025-12-27,4
PS-001709,APP-2025-0377,Decision,2025-12-27,2025-12-29,5
PS-001710,APP-2025-0378,Initial Screening,2025-04-22,2025-04-23,1
PS-001711,APP-2025-0378,Technical Review,2025-04-23,2025-05-14,2
PS-001712,APP-2025-0378,Financial / Cost Review,2025-05-14,2025-05-17,3
PS-001713,APP-2025-0378,Final Assessment,2025-05-17,2025-05-19,4
PS-001714,APP-2025-0378,Decision,2025-05-19,2025-05-20,5
PS-001715,APP-2025-0379,Initial Screening,2025-03-10,2025-03-13,1
PS-001716,APP-2025-0379,Technical Review,2025-03-13,2025-03-27,2
PS-001717,APP-2025-0379,Financial / Cost Review,2025-03-27,2025-04-04,3
PS-001718,APP-2025-0379,Final Assessment,2025-04-04,2025-04-06,4
PS-001719,APP-2025-0379,Decision,2025-04-06,2025-04-07,5
PS-001720,APP-2025-0380,Initial Screening,2025-07-14,2025-07-15,1
PS-001721,APP-2025-0380,Technical Review,2025-07-15,2025-08-07,2
PS-001722,APP-2025-0380,Financial / Cost Review,2025-08-07,2025-08-15,3
PS-001723,APP-2025-0380,Final Assessment,2025-08-15,2025-08-17,4
PS-001724,APP-2025-0380,Decision,2025-08-17,2025-08-18,5
PS-001725,APP-2025-0381,Initial Screening,2025-01-22,2025-01-29,1
PS-001726,APP-2025-0381,Technical Review,2025-01-29,2025-02-19,2
PS-001727,APP-2025-0381,Financial / Cost Review,2025-02-19,2025-02-20,3
PS-001728,APP-2025-0381,Final Assessment,2025-02-20,2025-02-22,4
PS-001729,APP-2025-0381,Decision,2025-02-22,2025-02-25,5
PS-001730,APP-2025-0382,Initial Screening,2025-07-31,2025-08-03,1
PS-001731,APP-2025-0382,Technical Review,2025-08-03,2025-08-10,2
PS-001732,APP-2025-0382,Financial / Cost Review,2025-08-10,2025-08-14,3
PS-001733,APP-2025-0382,Final Assessment,2025-08-14,2025-08-17,4
PS-001734,APP-2025-0382,Decision,2025-08-17,2025-08-18,5
PS-001735,APP-2025-0383,Initial Screening,2025-07-16,2025-07-18,1
PS-001736,APP-2025-0383,Technical Review,2025-07-18,2025-07-22,2
PS-001737,APP-2025-0383,Financial / Cost Review,2025-07-22,2025-07-24,3
PS-001738,APP-2025-0383,Final Assessment,2025-07-24,2025-07-25,4
PS-001739,APP-2025-0383,Decision,2025-07-25,2025-07-26,5
PS-001740,APP-2025-0384,Initial Screening,2025-02-18,2025-02-19,1
PS-001741,APP-2025-0384,Technical Review,2025-02-19,2025-03-05,2
PS-001742,APP-2025-0384,Financial / Cost Review,2025-03-05,2025-03-14,3
PS-001743,APP-2025-0384,Final Assessment,2025-03-14,2025-03-18,4
PS-001744,APP-2025-0384,Decision,2025-03-18,2025-03-20,5
PS-001745,APP-2025-0385,Initial Screening,2025-12-27,2025-12-31,1
PS-001746,APP-2025-0385,Technical Review,2025-12-31,2026-01-15,2
PS-001747,APP-2025-0385,Financial / Cost Review,2026-01-15,2026-01-22,3
PS-001748,APP-2025-0385,Final Assessment,2026-01-22,2026-01-30,4
PS-001749,APP-2025-0385,Decision,2026-01-30,2026-02-02,5
PS-001750,APP-2025-0386,Initial Screening,2025-09-12,2025-09-15,1
PS-001751,APP-2025-0386,Technical Review,2025-09-15,2025-09-26,2
PS-001752,APP-2025-0386,Financial / Cost Review,2025-09-26,2025-10-20,3
PS-001753,APP-2025-0386,Final Assessment,2025-10-20,,4
PS-001754,APP-2025-0387,Initial Screening,2025-04-25,2025-04-27,1
PS-001755,APP-2025-0387,Technical Review,2025-04-27,2025-05-02,2
PS-001756,APP-2025-0387,Financial / Cost Review,2025-05-02,2025-05-03,3
PS-001757,APP-2025-0387,Final Assessment,2025-05-03,,4
PS-001758,APP-2025-0388,Initial Screening,2025-02-14,2025-02-15,1
PS-001759,APP-2025-0388,Technical Review,2025-02-15,2025-02-26,2
PS-001760,APP-2025-0388,Financial / Cost Review,2025-02-26,,3
PS-001761,APP-2025-0389,Initial Screening,2025-04-10,2025-04-12,1
PS-001762,APP-2025-0389,Technical Review,2025-04-12,2025-04-17,2
PS-001763,APP-2025-0389,Financial / Cost Review,2025-04-17,2025-04-18,3
PS-001764,APP-2025-0389,Final Assessment,2025-04-18,,4
PS-001765,APP-2025-0390,Initial Screening,2025-12-28,2026-01-02,1
PS-001766,APP-2025-0390,Technical Review,2026-01-02,,2
PS-001767,APP-2025-0391,Initial Screening,2025-09-09,2025-09-14,1
PS-001768,APP-2025-0391,Technical Review,2025-09-14,2025-10-08,2
PS-001769,APP-2025-0391,Financial / Cost Review,2025-10-08,2025-10-15,3
PS-001770,APP-2025-0391,Final Assessment,2025-10-15,2025-10-17,4
PS-001771,APP-2025-0391,Decision,2025-10-17,2025-10-18,5
PS-001772,APP-2025-0392,Initial Screening,2025-12-07,2025-12-08,1
PS-001773,APP-2025-0392,Technical Review,2025-12-08,,2
PS-001774,APP-2025-0393,Initial Screening,2025-04-09,,1
PS-001775,APP-2025-0394,Initial Screening,2025-09-21,2025-09-24,1
PS-001776,APP-2025-0394,Technical Review,2025-09-24,,2
PS-001777,APP-2025-0395,Initial Screening,2025-09-27,2025-09-29,1
PS-001778,APP-2025-0395,Technical Review,2025-09-29,2025-10-08,2
PS-001779,APP-2025-0395,Financial / Cost Review,2025-10-08,2025-10-11,3
PS-001780,APP-2025-0395,Final Assessment,2025-10-11,2025-10-12,4
PS-001781,APP-2025-0395,Decision,2025-10-12,2025-10-16,5
PS-001782,APP-2025-0396,Initial Screening,2025-11-29,,1
PS-001783,APP-2025-0397,Initial Screening,2025-09-25,2025-09-28,1
PS-001784,APP-2025-0397,Technical Review,2025-09-28,2025-10-13,2
PS-001785,APP-2025-0397,Financial / Cost Review,2025-10-13,2025-10-17,3
PS-001786,APP-2025-0397,Final Assessment,2025-10-17,2025-10-21,4
PS-001787,APP-2025-0397,Decision,2025-10-21,2025-10-23,5
PS-001788,APP-2025-0398,Initial Screening,2025-08-08,2025-08-09,1
PS-001789,APP-2025-0398,Technical Review,2025-08-09,2025-08-11,2
PS-001790,APP-2025-0398,Financial / Cost Review,2025-08-11,2025-08-12,3
PS-001791,APP-2025-0398,Final Assessment,2025-08-12,,4
PS-001792,APP-2025-0399,Initial Screening,2025-01-30,2025-02-02,1
PS-001793,APP-2025-0399,Technical Review,2025-02-02,2025-02-12,2
PS-001794,APP-2025-0399,Financial / Cost Review,2025-02-12,2025-02-14,3
PS-001795,APP-2025-0399,Final Assessment,2025-02-14,2025-02-16,4
PS-001796,APP-2025-0399,Decision,2025-02-16,2025-02-19,5
PS-001797,APP-2025-0400,Initial Screening,2025-08-07,2025-08-10,1
PS-001798,APP-2025-0400,Technical Review,2025-08-10,2025-08-20,2
PS-001799,APP-2025-0400,Financial / Cost Review,2025-08-20,2025-09-05,3
PS-001800,APP-2025-0400,Final Assessment,2025-09-05,2025-09-07,4
PS-001801,APP-2025-0400,Decision,2025-09-07,2025-09-09,5
PS-001802,APP-2025-0401,Initial Screening,2025-08-11,2025-08-12,1
PS-001803,APP-2025-0401,Technical Review,2025-08-12,2025-09-02,2
PS-001804,APP-2025-0401,Financial / Cost Review,2025-09-02,2025-09-07,3
PS-001805,APP-2025-0401,Final Assessment,2025-09-07,2025-09-09,4
PS-001806,APP-2025-0401,Decision,2025-09-09,2025-09-16,5
PS-001807,APP-2025-0402,Initial Screening,2025-12-26,2025-12-27,1
PS-001808,APP-2025-0402,Technical Review,2025-12-27,2026-01-10,2
PS-001809,APP-2025-0402,Financial / Cost Review,2026-01-10,2026-01-17,3
PS-001810,APP-2025-0402,Final Assessment,2026-01-17,2026-01-21,4
PS-001811,APP-2025-0402,Decision,2026-01-21,2026-01-23,5
PS-001812,APP-2025-0403,Initial Screening,2025-01-17,2025-01-22,1
PS-001813,APP-2025-0403,Technical Review,2025-01-22,2025-01-25,2
PS-001814,APP-2025-0403,Financial / Cost Review,2025-01-25,2025-02-05,3
PS-001815,APP-2025-0403,Final Assessment,2025-02-05,2025-02-10,4
PS-001816,APP-2025-0403,Decision,2025-02-10,2025-02-14,5
PS-001817,APP-2025-0404,Initial Screening,2025-10-19,2025-10-23,1
PS-001818,APP-2025-0404,Technical Review,2025-10-23,2025-11-06,2
PS-001819,APP-2025-0404,Financial / Cost Review,2025-11-06,2025-11-12,3
PS-001820,APP-2025-0404,Final Assessment,2025-11-12,2025-11-13,4
PS-001821,APP-2025-0404,Decision,2025-11-13,2025-11-14,5
PS-001822,APP-2025-0405,Initial Screening,2025-06-21,2025-06-23,1
PS-001823,APP-2025-0405,Technical Review,2025-06-23,2025-07-04,2
PS-001824,APP-2025-0405,Financial / Cost Review,2025-07-04,2025-07-07,3
PS-001825,APP-2025-0405,Final Assessment,2025-07-07,2025-07-10,4
PS-001826,APP-2025-0405,Decision,2025-07-10,2025-07-11,5
PS-001827,APP-2025-0406,Initial Screening,2025-10-18,2025-10-19,1
PS-001828,APP-2025-0406,Technical Review,2025-10-19,2025-10-24,2
PS-001829,APP-2025-0406,Financial / Cost Review,2025-10-24,2025-10-26,3
PS-001830,APP-2025-0406,Final Assessment,2025-10-26,2025-10-31,4
PS-001831,APP-2025-0406,Decision,2025-10-31,2025-11-03,5
PS-001832,APP-2025-0407,Initial Screening,2025-04-15,2025-04-16,1
PS-001833,APP-2025-0407,Technical Review,2025-04-16,2025-04-19,2
PS-001834,APP-2025-0407,Financial / Cost Review,2025-04-19,2025-04-22,3
PS-001835,APP-2025-0407,Final Assessment,2025-04-22,2025-04-23,4
PS-001836,APP-2025-0407,Decision,2025-04-23,2025-04-26,5
PS-001837,APP-2025-0408,Initial Screening,2025-03-22,2025-03-23,1
PS-001838,APP-2025-0408,Technical Review,2025-03-23,2025-03-25,2
PS-001839,APP-2025-0408,Financial / Cost Review,2025-03-25,2025-04-04,3
PS-001840,APP-2025-0408,Final Assessment,2025-04-04,2025-04-08,4
PS-001841,APP-2025-0408,Decision,2025-04-08,2025-04-11,5
PS-001842,APP-2025-0409,Initial Screening,2025-08-05,2025-08-07,1
PS-001843,APP-2025-0409,Technical Review,2025-08-07,2025-08-10,2
PS-001844,APP-2025-0409,Financial / Cost Review,2025-08-10,2025-08-14,3
PS-001845,APP-2025-0409,Final Assessment,2025-08-14,2025-08-16,4
PS-001846,APP-2025-0409,Decision,2025-08-16,2025-08-17,5
PS-001847,APP-2025-0410,Initial Screening,2025-07-21,2025-07-22,1
PS-001848,APP-2025-0410,Technical Review,2025-07-22,2025-07-28,2
PS-001849,APP-2025-0410,Financial / Cost Review,2025-07-28,2025-08-02,3
PS-001850,APP-2025-0410,Final Assessment,2025-08-02,2025-08-03,4
PS-001851,APP-2025-0410,Decision,2025-08-03,2025-08-05,5
PS-001852,APP-2025-0411,Initial Screening,2025-02-14,2025-02-17,1
PS-001853,APP-2025-0411,Technical Review,2025-02-17,2025-03-10,2
PS-001854,APP-2025-0411,Financial / Cost Review,2025-03-10,2025-03-14,3
PS-001855,APP-2025-0411,Final Assessment,2025-03-14,2025-03-16,4
PS-001856,APP-2025-0411,Decision,2025-03-16,2025-03-18,5
PS-001857,APP-2025-0412,Initial Screening,2025-09-29,2025-10-03,1
PS-001858,APP-2025-0412,Technical Review,2025-10-03,2025-10-06,2
PS-001859,APP-2025-0412,Financial / Cost Review,2025-10-06,2025-10-12,3
PS-001860,APP-2025-0412,Final Assessment,2025-10-12,2025-10-16,4
PS-001861,APP-2025-0412,Decision,2025-10-16,2025-10-18,5
PS-001862,APP-2025-0413,Initial Screening,2025-07-19,2025-07-20,1
PS-001863,APP-2025-0413,Technical Review,2025-07-20,2025-08-06,2
PS-001864,APP-2025-0413,Financial / Cost Review,2025-08-06,2025-08-12,3
PS-001865,APP-2025-0413,Final Assessment,2025-08-12,2025-08-15,4
PS-001866,APP-2025-0413,Decision,2025-08-15,2025-08-19,5
PS-001867,APP-2025-0414,Initial Screening,2025-07-05,2025-07-06,1
PS-001868,APP-2025-0414,Technical Review,2025-07-06,2025-07-10,2
PS-001869,APP-2025-0414,Financial / Cost Review,2025-07-10,2025-07-15,3
PS-001870,APP-2025-0414,Final Assessment,2025-07-15,2025-07-19,4
PS-001871,APP-2025-0414,Decision,2025-07-19,2025-07-20,5
PS-001872,APP-2025-0415,Initial Screening,2025-08-01,2025-08-04,1
PS-001873,APP-2025-0415,Technical Review,2025-08-04,2025-08-13,2
PS-001874,APP-2025-0415,Financial / Cost Review,2025-08-13,2025-08-15,3
PS-001875,APP-2025-0415,Final Assessment,2025-08-15,2025-08-20,4
PS-001876,APP-2025-0415,Decision,2025-08-20,2025-08-21,5
PS-001877,APP-2025-0416,Initial Screening,2025-07-20,2025-07-24,1
PS-001878,APP-2025-0416,Technical Review,2025-07-24,2025-07-27,2
PS-001879,APP-2025-0416,Financial / Cost Review,2025-07-27,2025-08-03,3
PS-001880,APP-2025-0416,Final Assessment,2025-08-03,2025-08-08,4
PS-001881,APP-2025-0416,Decision,2025-08-08,2025-08-10,5
PS-001882,APP-2025-0417,Initial Screening,2025-08-08,2025-08-09,1
PS-001883,APP-2025-0417,Technical Review,2025-08-09,2025-08-19,2
PS-001884,APP-2025-0417,Financial / Cost Review,2025-08-19,2025-08-24,3
PS-001885,APP-2025-0417,Final Assessment,2025-08-24,2025-08-27,4
PS-001886,APP-2025-0417,Decision,2025-08-27,2025-08-28,5
PS-001887,APP-2025-0418,Initial Screening,2025-02-14,2025-02-16,1
PS-001888,APP-2025-0418,Technical Review,2025-02-16,2025-03-02,2
PS-001889,APP-2025-0418,Financial / Cost Review,2025-03-02,2025-03-20,3
PS-001890,APP-2025-0418,Final Assessment,2025-03-20,2025-03-21,4
PS-001891,APP-2025-0418,Decision,2025-03-21,2025-03-22,5
PS-001892,APP-2025-0419,Initial Screening,2025-08-25,2025-08-30,1
PS-001893,APP-2025-0419,Technical Review,2025-08-30,2025-09-03,2
PS-001894,APP-2025-0419,Financial / Cost Review,2025-09-03,2025-09-08,3
PS-001895,APP-2025-0419,Final Assessment,2025-09-08,2025-09-18,4
PS-001896,APP-2025-0419,Decision,2025-09-18,2025-09-25,5
PS-001897,APP-2025-0420,Initial Screening,2025-04-08,2025-04-12,1
PS-001898,APP-2025-0420,Technical Review,2025-04-12,2025-04-22,2
PS-001899,APP-2025-0420,Financial / Cost Review,2025-04-22,2025-04-24,3
PS-001900,APP-2025-0420,Final Assessment,2025-04-24,2025-04-26,4
PS-001901,APP-2025-0420,Decision,2025-04-26,2025-04-29,5
PS-001902,APP-2025-0421,Initial Screening,2025-09-14,2025-09-17,1
PS-001903,APP-2025-0421,Technical Review,2025-09-17,2025-09-19,2
PS-001904,APP-2025-0421,Financial / Cost Review,2025-09-19,2025-09-23,3
PS-001905,APP-2025-0421,Final Assessment,2025-09-23,2025-09-25,4
PS-001906,APP-2025-0421,Decision,2025-09-25,2025-09-29,5
PS-001907,APP-2025-0422,Initial Screening,2025-08-19,2025-08-22,1
PS-001908,APP-2025-0422,Technical Review,2025-08-22,2025-08-28,2
PS-001909,APP-2025-0422,Financial / Cost Review,2025-08-28,,3
PS-001910,APP-2025-0423,Initial Screening,2025-03-05,,1
PS-001911,APP-2025-0424,Initial Screening,2025-03-12,2025-03-16,1
PS-001912,APP-2025-0424,Technical Review,2025-03-16,2025-03-20,2
PS-001913,APP-2025-0424,Financial / Cost Review,2025-03-20,2025-03-27,3
PS-001914,APP-2025-0424,Final Assessment,2025-03-27,2025-04-02,4
PS-001915,APP-2025-0424,Decision,2025-04-02,2025-04-11,5
PS-001916,APP-2025-0425,Initial Screening,2025-06-19,2025-06-20,1
PS-001917,APP-2025-0425,Technical Review,2025-06-20,,2
PS-001918,APP-2025-0426,Initial Screening,2025-11-12,2025-11-13,1
PS-001919,APP-2025-0426,Technical Review,2025-11-13,2025-12-04,2
PS-001920,APP-2025-0426,Financial / Cost Review,2025-12-04,,3
PS-001921,APP-2025-0427,Initial Screening,2025-11-28,2025-11-30,1
PS-001922,APP-2025-0427,Technical Review,2025-11-30,2025-12-12,2
PS-001923,APP-2025-0427,Financial / Cost Review,2025-12-12,2025-12-15,3
PS-001924,APP-2025-0427,Final Assessment,2025-12-15,2025-12-22,4
PS-001925,APP-2025-0427,Decision,2025-12-22,2025-12-23,5
PS-001926,APP-2025-0428,Initial Screening,2025-12-27,2025-12-28,1
PS-001927,APP-2025-0428,Technical Review,2025-12-28,2026-01-03,2
PS-001928,APP-2025-0428,Financial / Cost Review,2026-01-03,2026-01-07,3
PS-001929,APP-2025-0428,Final Assessment,2026-01-07,2026-01-10,4
PS-001930,APP-2025-0428,Decision,2026-01-10,2026-01-11,5
PS-001931,APP-2025-0429,Initial Screening,2025-11-24,2025-11-28,1
PS-001932,APP-2025-0429,Technical Review,2025-11-28,2025-12-07,2
PS-001933,APP-2025-0429,Financial / Cost Review,2025-12-07,2025-12-11,3
PS-001934,APP-2025-0429,Final Assessment,2025-12-11,,4
PS-001935,APP-2025-0430,Initial Screening,2025-04-19,2025-04-21,1
PS-001936,APP-2025-0430,Technical Review,2025-04-21,2025-04-27,2
PS-001937,APP-2025-0430,Financial / Cost Review,2025-04-27,2025-05-01,3
PS-001938,APP-2025-0430,Final Assessment,2025-05-01,2025-05-08,4
PS-001939,APP-2025-0430,Decision,2025-05-08,2025-05-09,5
PS-001940,APP-2025-0431,Initial Screening,2025-07-23,2025-07-29,1
PS-001941,APP-2025-0431,Technical Review,2025-07-29,2025-08-13,2
PS-001942,APP-2025-0431,Financial / Cost Review,2025-08-13,2025-08-16,3
PS-001943,APP-2025-0431,Final Assessment,2025-08-16,2025-08-19,4
PS-001944,APP-2025-0431,Decision,2025-08-19,2025-08-24,5
PS-001945,APP-2025-0432,Initial Screening,2025-01-08,2025-01-13,1
PS-001946,APP-2025-0432,Technical Review,2025-01-13,2025-01-21,2
PS-001947,APP-2025-0432,Financial / Cost Review,2025-01-21,2025-01-23,3
PS-001948,APP-2025-0432,Final Assessment,2025-01-23,2025-01-26,4
PS-001949,APP-2025-0432,Decision,2025-01-26,2025-01-27,5
PS-001950,APP-2025-0433,Initial Screening,2025-04-28,2025-05-05,1
PS-001951,APP-2025-0433,Technical Review,2025-05-05,2025-05-10,2
PS-001952,APP-2025-0433,Financial / Cost Review,2025-05-10,2025-05-19,3
PS-001953,APP-2025-0433,Final Assessment,2025-05-19,2025-05-20,4
PS-001954,APP-2025-0433,Decision,2025-05-20,2025-05-24,5
PS-001955,APP-2025-0434,Initial Screening,2025-12-01,2025-12-02,1
PS-001956,APP-2025-0434,Technical Review,2025-12-02,2025-12-08,2
PS-001957,APP-2025-0434,Financial / Cost Review,2025-12-08,2025-12-13,3
PS-001958,APP-2025-0434,Final Assessment,2025-12-13,2025-12-14,4
PS-001959,APP-2025-0434,Decision,2025-12-14,2025-12-15,5
PS-001960,APP-2025-0435,Initial Screening,2025-03-17,2025-03-20,1
PS-001961,APP-2025-0435,Technical Review,2025-03-20,2025-04-10,2
PS-001962,APP-2025-0435,Financial / Cost Review,2025-04-10,2025-04-20,3
PS-001963,APP-2025-0435,Final Assessment,2025-04-20,2025-04-23,4
PS-001964,APP-2025-0435,Decision,2025-04-23,2025-04-25,5
PS-001965,APP-2025-0436,Initial Screening,2025-04-20,2025-04-25,1
PS-001966,APP-2025-0436,Technical Review,2025-04-25,2025-04-29,2
PS-001967,APP-2025-0436,Financial / Cost Review,2025-04-29,2025-04-30,3
PS-001968,APP-2025-0436,Final Assessment,2025-04-30,2025-05-07,4
PS-001969,APP-2025-0436,Decision,2025-05-07,2025-05-08,5
PS-001970,APP-2025-0437,Initial Screening,2025-03-20,2025-03-21,1
PS-001971,APP-2025-0437,Technical Review,2025-03-21,2025-03-25,2
PS-001972,APP-2025-0437,Financial / Cost Review,2025-03-25,2025-03-27,3
PS-001973,APP-2025-0437,Final Assessment,2025-03-27,2025-03-28,4
PS-001974,APP-2025-0437,Decision,2025-03-28,2025-03-30,5
PS-001975,APP-2025-0438,Initial Screening,2025-08-06,2025-08-09,1
PS-001976,APP-2025-0438,Technical Review,2025-08-09,2025-09-06,2
PS-001977,APP-2025-0438,Financial / Cost Review,2025-09-06,,3
PS-001978,APP-2025-0439,Initial Screening,2025-01-03,2025-01-05,1
PS-001979,APP-2025-0439,Technical Review,2025-01-05,2025-01-12,2
PS-001980,APP-2025-0439,Financial / Cost Review,2025-01-12,2025-01-21,3
PS-001981,APP-2025-0439,Final Assessment,2025-01-21,2025-01-24,4
PS-001982,APP-2025-0439,Decision,2025-01-24,2025-01-25,5
PS-001983,APP-2025-0440,Initial Screening,2025-06-24,2025-06-29,1
PS-001984,APP-2025-0440,Technical Review,2025-06-29,2025-07-11,2
PS-001985,APP-2025-0440,Financial / Cost Review,2025-07-11,2025-07-12,3
PS-001986,APP-2025-0440,Final Assessment,2025-07-12,2025-07-20,4
PS-001987,APP-2025-0440,Decision,2025-07-20,2025-07-25,5
PS-001988,APP-2025-0441,Initial Screening,2025-01-11,2025-01-14,1
PS-001989,APP-2025-0441,Technical Review,2025-01-14,2025-01-26,2
PS-001990,APP-2025-0441,Financial / Cost Review,2025-01-26,2025-01-29,3
PS-001991,APP-2025-0441,Final Assessment,2025-01-29,2025-01-31,4
PS-001992,APP-2025-0441,Decision,2025-01-31,2025-02-02,5
PS-001993,APP-2025-0442,Initial Screening,2025-12-02,2025-12-11,1
PS-001994,APP-2025-0442,Technical Review,2025-12-11,2025-12-13,2
PS-001995,APP-2025-0442,Financial / Cost Review,2025-12-13,2025-12-25,3
PS-001996,APP-2025-0442,Final Assessment,2025-12-25,2025-12-31,4
PS-001997,APP-2025-0442,Decision,2025-12-31,2026-01-01,5
PS-001998,APP-2025-0443,Initial Screening,2025-08-14,2025-08-18,1
PS-001999,APP-2025-0443,Technical Review,2025-08-18,,2
PS-002000,APP-2025-0444,Initial Screening,2025-07-15,2025-07-20,1
PS-002001,APP-2025-0444,Technical Review,2025-07-20,2025-08-01,2
PS-002002,APP-2025-0444,Financial / Cost Review,2025-08-01,2025-08-03,3
PS-002003,APP-2025-0444,Final Assessment,2025-08-03,2025-08-07,4
PS-002004,APP-2025-0444,Decision,2025-08-07,2025-08-08,5
PS-002005,APP-2025-0445,Initial Screening,2025-04-09,2025-04-11,1
PS-002006,APP-2025-0445,Technical Review,2025-04-11,2025-04-21,2
PS-002007,APP-2025-0445,Financial / Cost Review,2025-04-21,2025-04-24,3
PS-002008,APP-2025-0445,Final Assessment,2025-04-24,2025-04-28,4
PS-002009,APP-2025-0445,Decision,2025-04-28,2025-04-29,5
PS-002010,APP-2025-0446,Initial Screening,2025-01-14,2025-01-15,1
PS-002011,APP-2025-0446,Technical Review,2025-01-15,2025-01-30,2
PS-002012,APP-2025-0446,Financial / Cost Review,2025-01-30,2025-01-31,3
PS-002013,APP-2025-0446,Final Assessment,2025-01-31,2025-02-04,4
PS-002014,APP-2025-0446,Decision,2025-02-04,2025-02-09,5
PS-002015,APP-2025-0447,Initial Screening,2025-10-05,2025-10-08,1
PS-002016,APP-2025-0447,Technical Review,2025-10-08,2025-10-13,2
PS-002017,APP-2025-0447,Financial / Cost Review,2025-10-13,2025-10-15,3
PS-002018,APP-2025-0447,Final Assessment,2025-10-15,2025-10-16,4
PS-002019,APP-2025-0447,Decision,2025-10-16,2025-10-17,5
PS-002020,APP-2025-0448,Initial Screening,2025-11-15,2025-11-19,1
PS-002021,APP-2025-0448,Technical Review,2025-11-19,2025-11-25,2
PS-002022,APP-2025-0448,Financial / Cost Review,2025-11-25,2025-12-04,3
PS-002023,APP-2025-0448,Final Assessment,2025-12-04,2025-12-09,4
PS-002024,APP-2025-0448,Decision,2025-12-09,2025-12-13,5
PS-002025,APP-2025-0449,Initial Screening,2025-11-15,2025-11-18,1
PS-002026,APP-2025-0449,Technical Review,2025-11-18,2025-12-03,2
PS-002027,APP-2025-0449,Financial / Cost Review,2025-12-03,2025-12-14,3
PS-002028,APP-2025-0449,Final Assessment,2025-12-14,2025-12-15,4
PS-002029,APP-2025-0449,Decision,2025-12-15,2025-12-16,5
PS-002030,APP-2025-0450,Initial Screening,2025-06-14,2025-06-16,1
PS-002031,APP-2025-0450,Technical Review,2025-06-16,2025-06-28,2
PS-002032,APP-2025-0450,Financial / Cost Review,2025-06-28,2025-06-30,3
PS-002033,APP-2025-0450,Final Assessment,2025-06-30,2025-07-02,4
PS-002034,APP-2025-0450,Decision,2025-07-02,2025-07-05,5
PS-002035,APP-2025-0451,Initial Screening,2025-06-21,2025-06-25,1
PS-002036,APP-2025-0451,Technical Review,2025-06-25,2025-07-03,2
PS-002037,APP-2025-0451,Financial / Cost Review,2025-07-03,2025-07-08,3
PS-002038,APP-2025-0451,Final Assessment,2025-07-08,2025-07-11,4
PS-002039,APP-2025-0451,Decision,2025-07-11,2025-07-13,5
PS-002040,APP-2025-0452,Initial Screening,2025-08-22,2025-08-25,1
PS-002041,APP-2025-0452,Technical Review,2025-08-25,2025-09-08,2
PS-002042,APP-2025-0452,Financial / Cost Review,2025-09-08,2025-09-11,3
PS-002043,APP-2025-0452,Final Assessment,2025-09-11,2025-09-16,4
PS-002044,APP-2025-0452,Decision,2025-09-16,2025-09-18,5
PS-002045,APP-2025-0453,Initial Screening,2025-10-15,2025-10-17,1
PS-002046,APP-2025-0453,Technical Review,2025-10-17,2025-10-26,2
PS-002047,APP-2025-0453,Financial / Cost Review,2025-10-26,2025-10-28,3
PS-002048,APP-2025-0453,Final Assessment,2025-10-28,2025-11-05,4
PS-002049,APP-2025-0453,Decision,2025-11-05,2025-11-06,5
PS-002050,APP-2025-0454,Initial Screening,2025-11-21,2025-11-25,1
PS-002051,APP-2025-0454,Technical Review,2025-11-25,2025-11-29,2
PS-002052,APP-2025-0454,Financial / Cost Review,2025-11-29,,3
PS-002053,APP-2025-0455,Initial Screening,2025-03-03,,1
PS-002054,APP-2025-0456,Initial Screening,2025-12-18,2025-12-19,1
PS-002055,APP-2025-0456,Technical Review,2025-12-19,2025-12-22,2
PS-002056,APP-2025-0456,Financial / Cost Review,2025-12-22,2025-12-25,3
PS-002057,APP-2025-0456,Final Assessment,2025-12-25,2025-12-26,4
PS-002058,APP-2025-0456,Decision,2025-12-26,2025-12-27,5
PS-002059,APP-2025-0457,Initial Screening,2025-07-05,2025-07-07,1
PS-002060,APP-2025-0457,Technical Review,2025-07-07,2025-07-18,2
PS-002061,APP-2025-0457,Financial / Cost Review,2025-07-18,2025-07-21,3
PS-002062,APP-2025-0457,Final Assessment,2025-07-21,2025-07-23,4
PS-002063,APP-2025-0457,Decision,2025-07-23,2025-07-24,5
PS-002064,APP-2025-0458,Initial Screening,2025-10-28,2025-10-29,1
PS-002065,APP-2025-0458,Technical Review,2025-10-29,2025-11-12,2
PS-002066,APP-2025-0458,Financial / Cost Review,2025-11-12,2025-11-18,3
PS-002067,APP-2025-0458,Final Assessment,2025-11-18,2025-11-23,4
PS-002068,APP-2025-0458,Decision,2025-11-23,2025-11-24,5
PS-002069,APP-2025-0459,Initial Screening,2025-12-26,,1
PS-002070,APP-2025-0460,Initial Screening,2025-07-09,,1
PS-002071,APP-2025-0461,Initial Screening,2025-04-01,2025-04-02,1
PS-002072,APP-2025-0461,Technical Review,2025-04-02,2025-04-07,2
PS-002073,APP-2025-0461,Financial / Cost Review,2025-04-07,2025-04-11,3
PS-002074,APP-2025-0461,Final Assessment,2025-04-11,2025-04-20,4
PS-002075,APP-2025-0461,Decision,2025-04-20,2025-04-23,5
PS-002076,APP-2025-0462,Initial Screening,2025-01-23,2025-01-25,1
PS-002077,APP-2025-0462,Technical Review,2025-01-25,2025-02-10,2
PS-002078,APP-2025-0462,Financial / Cost Review,2025-02-10,2025-02-20,3
PS-002079,APP-2025-0462,Final Assessment,2025-02-20,2025-02-23,4
PS-002080,APP-2025-0462,Decision,2025-02-23,2025-02-25,5
PS-002081,APP-2025-0463,Initial Screening,2025-01-06,2025-01-07,1
PS-002082,APP-2025-0463,Technical Review,2025-01-07,2025-01-11,2
PS-002083,APP-2025-0463,Financial / Cost Review,2025-01-11,,3
PS-002084,APP-2025-0464,Initial Screening,2025-03-10,2025-03-11,1
PS-002085,APP-2025-0464,Technical Review,2025-03-11,2025-03-20,2
PS-002086,APP-2025-0464,Financial / Cost Review,2025-03-20,2025-03-22,3
PS-002087,APP-2025-0464,Final Assessment,2025-03-22,2025-03-27,4
PS-002088,APP-2025-0464,Decision,2025-03-27,2025-03-29,5
PS-002089,APP-2025-0465,Initial Screening,2025-07-21,2025-07-22,1
PS-002090,APP-2025-0465,Technical Review,2025-07-22,2025-07-28,2
PS-002091,APP-2025-0465,Financial / Cost Review,2025-07-28,2025-08-01,3
PS-002092,APP-2025-0465,Final Assessment,2025-08-01,2025-08-05,4
PS-002093,APP-2025-0465,Decision,2025-08-05,2025-08-07,5
PS-002094,APP-2025-0466,Initial Screening,2025-12-20,2025-12-23,1
PS-002095,APP-2025-0466,Technical Review,2025-12-23,2025-12-24,2
PS-002096,APP-2025-0466,Financial / Cost Review,2025-12-24,2025-12-27,3
PS-002097,APP-2025-0466,Final Assessment,2025-12-27,2025-12-28,4
PS-002098,APP-2025-0466,Decision,2025-12-28,2025-12-29,5
PS-002099,APP-2025-0467,Initial Screening,2025-09-20,2025-09-29,1
PS-002100,APP-2025-0467,Technical Review,2025-09-29,2025-10-15,2
PS-002101,APP-2025-0467,Financial / Cost Review,2025-10-15,2025-10-25,3
PS-002102,APP-2025-0467,Final Assessment,2025-10-25,2025-10-27,4
PS-002103,APP-2025-0467,Decision,2025-10-27,2025-10-31,5
PS-002104,APP-2025-0468,Initial Screening,2025-04-05,2025-04-08,1
PS-002105,APP-2025-0468,Technical Review,2025-04-08,2025-04-18,2
PS-002106,APP-2025-0468,Financial / Cost Review,2025-04-18,2025-04-28,3
PS-002107,APP-2025-0468,Final Assessment,2025-04-28,2025-05-04,4
PS-002108,APP-2025-0468,Decision,2025-05-04,2025-05-06,5
PS-002109,APP-2025-0469,Initial Screening,2025-12-24,2025-12-25,1
PS-002110,APP-2025-0469,Technical Review,2025-12-25,2026-01-06,2
PS-002111,APP-2025-0469,Financial / Cost Review,2026-01-06,2026-01-11,3
PS-002112,APP-2025-0469,Final Assessment,2026-01-11,2026-01-18,4
PS-002113,APP-2025-0469,Decision,2026-01-18,2026-01-24,5
PS-002114,APP-2025-0470,Initial Screening,2025-12-25,2025-12-26,1
PS-002115,APP-2025-0470,Technical Review,2025-12-26,2025-12-30,2
PS-002116,APP-2025-0470,Financial / Cost Review,2025-12-30,2026-01-10,3
PS-002117,APP-2025-0470,Final Assessment,2026-01-10,2026-01-15,4
PS-002118,APP-2025-0470,Decision,2026-01-15,2026-01-16,5
PS-002119,APP-2025-0471,Initial Screening,2025-08-27,2025-08-29,1
PS-002120,APP-2025-0471,Technical Review,2025-08-29,2025-09-07,2
PS-002121,APP-2025-0471,Financial / Cost Review,2025-09-07,2025-09-13,3
PS-002122,APP-2025-0471,Final Assessment,2025-09-13,2025-09-19,4
PS-002123,APP-2025-0471,Decision,2025-09-19,2025-09-21,5
PS-002124,APP-2025-0472,Initial Screening,2025-05-15,2025-05-17,1
PS-002125,APP-2025-0472,Technical Review,2025-05-17,2025-06-03,2
PS-002126,APP-2025-0472,Financial / Cost Review,2025-06-03,2025-06-10,3
PS-002127,APP-2025-0472,Final Assessment,2025-06-10,2025-06-15,4
PS-002128,APP-2025-0472,Decision,2025-06-15,2025-06-18,5
PS-002129,APP-2025-0473,Initial Screening,2025-10-12,2025-10-14,1
PS-002130,APP-2025-0473,Technical Review,2025-10-14,2025-11-02,2
PS-002131,APP-2025-0473,Financial / Cost Review,2025-11-02,2025-11-07,3
PS-002132,APP-2025-0473,Final Assessment,2025-11-07,2025-11-11,4
PS-002133,APP-2025-0473,Decision,2025-11-11,2025-11-13,5
PS-002134,APP-2025-0474,Initial Screening,2025-05-27,2025-05-28,1
PS-002135,APP-2025-0474,Technical Review,2025-05-28,2025-06-03,2
PS-002136,APP-2025-0474,Financial / Cost Review,2025-06-03,2025-06-07,3
PS-002137,APP-2025-0474,Final Assessment,2025-06-07,2025-06-09,4
PS-002138,APP-2025-0474,Decision,2025-06-09,2025-06-11,5
PS-002139,APP-2025-0475,Initial Screening,2025-10-02,2025-10-03,1
PS-002140,APP-2025-0475,Technical Review,2025-10-03,2025-10-12,2
PS-002141,APP-2025-0475,Financial / Cost Review,2025-10-12,2025-10-13,3
PS-002142,APP-2025-0475,Final Assessment,2025-10-13,,4
PS-002143,APP-2025-0476,Initial Screening,2025-11-20,2025-11-22,1
PS-002144,APP-2025-0476,Technical Review,2025-11-22,2025-12-08,2
PS-002145,APP-2025-0476,Financial / Cost Review,2025-12-08,2025-12-13,3
PS-002146,APP-2025-0476,Final Assessment,2025-12-13,2025-12-14,4
PS-002147,APP-2025-0476,Decision,2025-12-14,2025-12-19,5
PS-002148,APP-2025-0477,Initial Screening,2025-11-08,2025-11-10,1
PS-002149,APP-2025-0477,Technical Review,2025-11-10,2025-11-16,2
PS-002150,APP-2025-0477,Financial / Cost Review,2025-11-16,2025-11-23,3
PS-002151,APP-2025-0477,Final Assessment,2025-11-23,,4
PS-002152,APP-2025-0478,Initial Screening,2025-04-21,2025-04-22,1
PS-002153,APP-2025-0478,Technical Review,2025-04-22,2025-04-30,2
PS-002154,APP-2025-0478,Financial / Cost Review,2025-04-30,2025-05-03,3
PS-002155,APP-2025-0478,Final Assessment,2025-05-03,2025-05-07,4
PS-002156,APP-2025-0478,Decision,2025-05-07,2025-05-10,5
PS-002157,APP-2025-0479,Initial Screening,2025-06-25,2025-06-28,1
PS-002158,APP-2025-0479,Technical Review,2025-06-28,2025-07-15,2
PS-002159,APP-2025-0479,Financial / Cost Review,2025-07-15,2025-07-20,3
PS-002160,APP-2025-0479,Final Assessment,2025-07-20,2025-07-23,4
PS-002161,APP-2025-0479,Decision,2025-07-23,2025-07-24,5
PS-002162,APP-2025-0480,Initial Screening,2025-03-29,2025-04-03,1
PS-002163,APP-2025-0480,Technical Review,2025-04-03,,2
PS-002164,APP-2025-0481,Initial Screening,2025-05-27,2025-05-30,1
PS-002165,APP-2025-0481,Technical Review,2025-05-30,2025-06-13,2
PS-002166,APP-2025-0481,Financial / Cost Review,2025-06-13,2025-06-18,3
PS-002167,APP-2025-0481,Final Assessment,2025-06-18,2025-06-23,4
PS-002168,APP-2025-0481,Decision,2025-06-23,2025-06-25,5
PS-002169,APP-2025-0482,Initial Screening,2025-05-30,2025-06-01,1
PS-002170,APP-2025-0482,Technical Review,2025-06-01,2025-06-11,2
PS-002171,APP-2025-0482,Financial / Cost Review,2025-06-11,2025-06-15,3
PS-002172,APP-2025-0482,Final Assessment,2025-06-15,2025-06-21,4
PS-002173,APP-2025-0482,Decision,2025-06-21,2025-06-23,5
PS-002174,APP-2025-0483,Initial Screening,2025-01-06,2025-01-11,1
PS-002175,APP-2025-0483,Technical Review,2025-01-11,2025-01-12,2
PS-002176,APP-2025-0483,Financial / Cost Review,2025-01-12,2025-01-17,3
PS-002177,APP-2025-0483,Final Assessment,2025-01-17,2025-01-18,4
PS-002178,APP-2025-0483,Decision,2025-01-18,2025-01-19,5
PS-002179,APP-2025-0484,Initial Screening,2025-05-27,2025-05-29,1
PS-002180,APP-2025-0484,Technical Review,2025-05-29,2025-06-03,2
PS-002181,APP-2025-0484,Financial / Cost Review,2025-06-03,2025-06-11,3
PS-002182,APP-2025-0484,Final Assessment,2025-06-11,2025-06-12,4
PS-002183,APP-2025-0484,Decision,2025-06-12,2025-06-13,5
PS-002184,APP-2025-0485,Initial Screening,2025-02-13,2025-02-19,1
PS-002185,APP-2025-0485,Technical Review,2025-02-19,2025-03-02,2
PS-002186,APP-2025-0485,Financial / Cost Review,2025-03-02,2025-03-08,3
PS-002187,APP-2025-0485,Final Assessment,2025-03-08,2025-03-14,4
PS-002188,APP-2025-0485,Decision,2025-03-14,2025-03-17,5
PS-002189,APP-2025-0486,Initial Screening,2025-07-13,2025-07-14,1
PS-002190,APP-2025-0486,Technical Review,2025-07-14,2025-07-20,2
PS-002191,APP-2025-0486,Financial / Cost Review,2025-07-20,2025-07-23,3
PS-002192,APP-2025-0486,Final Assessment,2025-07-23,2025-07-24,4
PS-002193,APP-2025-0486,Decision,2025-07-24,2025-07-25,5
PS-002194,APP-2025-0487,Initial Screening,2025-08-04,2025-08-05,1
PS-002195,APP-2025-0487,Technical Review,2025-08-05,2025-08-14,2
PS-002196,APP-2025-0487,Financial / Cost Review,2025-08-14,2025-08-22,3
PS-002197,APP-2025-0487,Final Assessment,2025-08-22,2025-08-24,4
PS-002198,APP-2025-0487,Decision,2025-08-24,2025-08-25,5
PS-002199,APP-2025-0488,Initial Screening,2025-03-22,2025-03-24,1
PS-002200,APP-2025-0488,Technical Review,2025-03-24,2025-03-28,2
PS-002201,APP-2025-0488,Financial / Cost Review,2025-03-28,2025-03-31,3
PS-002202,APP-2025-0488,Final Assessment,2025-03-31,2025-04-08,4
PS-002203,APP-2025-0488,Decision,2025-04-08,2025-04-10,5
PS-002204,APP-2025-0489,Initial Screening,2025-08-27,,1
PS-002205,APP-2025-0490,Initial Screening,2025-02-17,2025-02-23,1
PS-002206,APP-2025-0490,Technical Review,2025-02-23,2025-02-28,2
PS-002207,APP-2025-0490,Financial / Cost Review,2025-02-28,2025-03-06,3
PS-002208,APP-2025-0490,Final Assessment,2025-03-06,2025-03-15,4
PS-002209,APP-2025-0490,Decision,2025-03-15,2025-03-16,5
PS-002210,APP-2025-0491,Initial Screening,2025-03-01,2025-03-06,1
PS-002211,APP-2025-0491,Technical Review,2025-03-06,2025-03-08,2
PS-002212,APP-2025-0491,Financial / Cost Review,2025-03-08,2025-03-15,3
PS-002213,APP-2025-0491,Final Assessment,2025-03-15,2025-03-16,4
PS-002214,APP-2025-0491,Decision,2025-03-16,2025-03-17,5
PS-002215,APP-2025-0492,Initial Screening,2025-06-22,2025-06-25,1
PS-002216,APP-2025-0492,Technical Review,2025-06-25,,2
PS-002217,APP-2025-0493,Initial Screening,2025-07-31,2025-08-04,1
PS-002218,APP-2025-0493,Technical Review,2025-08-04,2025-08-15,2
PS-002219,APP-2025-0493,Financial / Cost Review,2025-08-15,2025-08-24,3
PS-002220,APP-2025-0493,Final Assessment,2025-08-24,2025-08-25,4
PS-002221,APP-2025-0493,Decision,2025-08-25,2025-08-26,5
PS-002222,APP-2025-0494,Initial Screening,2025-11-04,2025-11-08,1
PS-002223,APP-2025-0494,Technical Review,2025-11-08,2025-11-18,2
PS-002224,APP-2025-0494,Financial / Cost Review,2025-11-18,2025-11-21,3
PS-002225,APP-2025-0494,Final Assessment,2025-11-21,2025-11-22,4
PS-002226,APP-2025-0494,Decision,2025-11-22,2025-11-24,5
PS-002227,APP-2025-0495,Initial Screening,2025-09-10,2025-09-13,1
PS-002228,APP-2025-0495,Technical Review,2025-09-13,2025-09-28,2
PS-002229,APP-2025-0495,Financial / Cost Review,2025-09-28,2025-10-04,3
PS-002230,APP-2025-0495,Final Assessment,2025-10-04,2025-10-07,4
PS-002231,APP-2025-0495,Decision,2025-10-07,2025-10-08,5
PS-002232,APP-2025-0496,Initial Screening,2025-05-24,2025-05-26,1
PS-002233,APP-2025-0496,Technical Review,2025-05-26,2025-06-06,2
PS-002234,APP-2025-0496,Financial / Cost Review,2025-06-06,2025-06-07,3
PS-002235,APP-2025-0496,Final Assessment,2025-06-07,2025-06-10,4
PS-002236,APP-2025-0496,Decision,2025-06-10,2025-06-13,5
PS-002237,APP-2025-0497,Initial Screening,2025-06-06,2025-06-09,1
PS-002238,APP-2025-0497,Technical Review,2025-06-09,2025-06-15,2
PS-002239,APP-2025-0497,Financial / Cost Review,2025-06-15,2025-06-21,3
PS-002240,APP-2025-0497,Final Assessment,2025-06-21,2025-06-26,4
PS-002241,APP-2025-0497,Decision,2025-06-26,2025-06-28,5
PS-002242,APP-2025-0498,Initial Screening,2025-06-18,2025-06-19,1
PS-002243,APP-2025-0498,Technical Review,2025-06-19,2025-06-23,2
PS-002244,APP-2025-0498,Financial / Cost Review,2025-06-23,2025-06-28,3
PS-002245,APP-2025-0498,Final Assessment,2025-06-28,2025-07-04,4
PS-002246,APP-2025-0498,Decision,2025-07-04,2025-07-05,5
PS-002247,APP-2025-0499,Initial Screening,2025-09-02,2025-09-07,1
PS-002248,APP-2025-0499,Technical Review,2025-09-07,2025-09-13,2
PS-002249,APP-2025-0499,Financial / Cost Review,2025-09-13,2025-09-14,3
PS-002250,APP-2025-0499,Final Assessment,2025-09-14,2025-09-18,4
PS-002251,APP-2025-0499,Decision,2025-09-18,2025-09-26,5
PS-002252,APP-2025-0500,Initial Screening,2025-03-26,2025-03-27,1
PS-002253,APP-2025-0500,Technical Review,2025-03-27,2025-03-30,2
PS-002254,APP-2025-0500,Financial / Cost Review,2025-03-30,2025-04-03,3
PS-002255,APP-2025-0500,Final Assessment,2025-04-03,2025-04-05,4
PS-002256,APP-2025-0500,Decision,2025-04-05,2025-04-09,5
PS-002257,APP-2025-0501,Initial Screening,2025-07-21,2025-07-23,1
PS-002258,APP-2025-0501,Technical Review,2025-07-23,2025-07-29,2
PS-002259,APP-2025-0501,Financial / Cost Review,2025-07-29,2025-08-04,3
PS-002260,APP-2025-0501,Final Assessment,2025-08-04,2025-08-11,4
PS-002261,APP-2025-0501,Decision,2025-08-11,2025-08-12,5
PS-002262,APP-2025-0502,Initial Screening,2025-11-06,2025-11-08,1
PS-002263,APP-2025-0502,Technical Review,2025-11-08,2025-11-16,2
PS-002264,APP-2025-0502,Financial / Cost Review,2025-11-16,2025-11-18,3
PS-002265,APP-2025-0502,Final Assessment,2025-11-18,2025-11-21,4
PS-002266,APP-2025-0502,Decision,2025-11-21,2025-11-22,5
PS-002267,APP-2025-0503,Initial Screening,2025-04-05,2025-04-08,1
PS-002268,APP-2025-0503,Technical Review,2025-04-08,2025-04-15,2
PS-002269,APP-2025-0503,Financial / Cost Review,2025-04-15,2025-04-22,3
PS-002270,APP-2025-0503,Final Assessment,2025-04-22,2025-04-27,4
PS-002271,APP-2025-0503,Decision,2025-04-27,2025-04-29,5
PS-002272,APP-2025-0504,Initial Screening,2025-05-11,2025-05-16,1
PS-002273,APP-2025-0504,Technical Review,2025-05-16,2025-05-22,2
PS-002274,APP-2025-0504,Financial / Cost Review,2025-05-22,,3
PS-002275,APP-2025-0505,Initial Screening,2025-09-05,2025-09-08,1
PS-002276,APP-2025-0505,Technical Review,2025-09-08,2025-09-19,2
PS-002277,APP-2025-0505,Financial / Cost Review,2025-09-19,2025-09-21,3
PS-002278,APP-2025-0505,Final Assessment,2025-09-21,2025-09-23,4
PS-002279,APP-2025-0505,Decision,2025-09-23,2025-09-24,5
PS-002280,APP-2025-0506,Initial Screening,2025-12-16,2025-12-18,1
PS-002281,APP-2025-0506,Technical Review,2025-12-18,2025-12-29,2
PS-002282,APP-2025-0506,Financial / Cost Review,2025-12-29,2026-01-01,3
PS-002283,APP-2025-0506,Final Assessment,2026-01-01,2026-01-04,4
PS-002284,APP-2025-0506,Decision,2026-01-04,2026-01-05,5
PS-002285,APP-2025-0507,Initial Screening,2025-06-24,2025-06-26,1
PS-002286,APP-2025-0507,Technical Review,2025-06-26,2025-07-16,2
PS-002287,APP-2025-0507,Financial / Cost Review,2025-07-16,2025-07-18,3
PS-002288,APP-2025-0507,Final Assessment,2025-07-18,2025-07-28,4
PS-002289,APP-2025-0507,Decision,2025-07-28,2025-07-30,5
PS-002290,APP-2025-0508,Initial Screening,2025-09-07,2025-09-11,1
PS-002291,APP-2025-0508,Technical Review,2025-09-11,2025-09-14,2
PS-002292,APP-2025-0508,Financial / Cost Review,2025-09-14,2025-09-18,3
PS-002293,APP-2025-0508,Final Assessment,2025-09-18,2025-09-20,4
PS-002294,APP-2025-0508,Decision,2025-09-20,2025-09-23,5
PS-002295,APP-2025-0509,Initial Screening,2025-09-15,2025-09-16,1
PS-002296,APP-2025-0509,Technical Review,2025-09-16,2025-09-24,2
PS-002297,APP-2025-0509,Financial / Cost Review,2025-09-24,2025-09-27,3
PS-002298,APP-2025-0509,Final Assessment,2025-09-27,2025-09-29,4
PS-002299,APP-2025-0509,Decision,2025-09-29,2025-09-30,5
PS-002300,APP-2025-0510,Initial Screening,2025-02-25,,1
PS-002301,APP-2025-0511,Initial Screening,2025-08-17,2025-08-19,1
PS-002302,APP-2025-0511,Technical Review,2025-08-19,2025-09-06,2
PS-002303,APP-2025-0511,Financial / Cost Review,2025-09-06,2025-09-16,3
PS-002304,APP-2025-0511,Final Assessment,2025-09-16,2025-09-18,4
PS-002305,APP-2025-0511,Decision,2025-09-18,2025-09-20,5
PS-002306,APP-2025-0512,Initial Screening,2025-05-07,2025-05-15,1
PS-002307,APP-2025-0512,Technical Review,2025-05-15,2025-05-19,2
PS-002308,APP-2025-0512,Financial / Cost Review,2025-05-19,2025-05-23,3
PS-002309,APP-2025-0512,Final Assessment,2025-05-23,2025-05-27,4
PS-002310,APP-2025-0512,Decision,2025-05-27,2025-05-28,5
PS-002311,APP-2025-0513,Initial Screening,2025-03-27,2025-03-29,1
PS-002312,APP-2025-0513,Technical Review,2025-03-29,2025-04-11,2
PS-002313,APP-2025-0513,Financial / Cost Review,2025-04-11,2025-04-12,3
PS-002314,APP-2025-0513,Final Assessment,2025-04-12,2025-04-16,4
PS-002315,APP-2025-0513,Decision,2025-04-16,2025-04-20,5
PS-002316,APP-2025-0514,Initial Screening,2025-05-18,2025-05-20,1
PS-002317,APP-2025-0514,Technical Review,2025-05-20,2025-05-26,2
PS-002318,APP-2025-0514,Financial / Cost Review,2025-05-26,2025-06-01,3
PS-002319,APP-2025-0514,Final Assessment,2025-06-01,2025-06-03,4
PS-002320,APP-2025-0514,Decision,2025-06-03,2025-06-06,5
PS-002321,APP-2025-0515,Initial Screening,2025-05-29,2025-06-02,1
PS-002322,APP-2025-0515,Technical Review,2025-06-02,2025-06-07,2
PS-002323,APP-2025-0515,Financial / Cost Review,2025-06-07,2025-06-08,3
PS-002324,APP-2025-0515,Final Assessment,2025-06-08,2025-06-14,4
PS-002325,APP-2025-0515,Decision,2025-06-14,2025-06-15,5
PS-002326,APP-2025-0516,Initial Screening,2025-07-02,,1
PS-002327,APP-2025-0517,Initial Screening,2025-09-14,2025-09-17,1
PS-002328,APP-2025-0517,Technical Review,2025-09-17,2025-09-21,2
PS-002329,APP-2025-0517,Financial / Cost Review,2025-09-21,2025-09-23,3
PS-002330,APP-2025-0517,Final Assessment,2025-09-23,2025-09-26,4
PS-002331,APP-2025-0517,Decision,2025-09-26,2025-09-27,5
PS-002332,APP-2025-0518,Initial Screening,2025-05-24,2025-05-27,1
PS-002333,APP-2025-0518,Technical Review,2025-05-27,2025-06-14,2
PS-002334,APP-2025-0518,Financial / Cost Review,2025-06-14,2025-06-18,3
PS-002335,APP-2025-0518,Final Assessment,2025-06-18,2025-06-20,4
PS-002336,APP-2025-0518,Decision,2025-06-20,2025-06-22,5
PS-002337,APP-2025-0519,Initial Screening,2025-07-31,2025-08-02,1
PS-002338,APP-2025-0519,Technical Review,2025-08-02,2025-08-06,2
PS-002339,APP-2025-0519,Financial / Cost Review,2025-08-06,2025-08-14,3
PS-002340,APP-2025-0519,Final Assessment,2025-08-14,2025-08-15,4
PS-002341,APP-2025-0519,Decision,2025-08-15,2025-08-16,5
PS-002342,APP-2025-0520,Initial Screening,2025-06-10,2025-06-11,1
PS-002343,APP-2025-0520,Technical Review,2025-06-11,2025-06-16,2
PS-002344,APP-2025-0520,Financial / Cost Review,2025-06-16,2025-06-25,3
PS-002345,APP-2025-0520,Final Assessment,2025-06-25,2025-07-05,4
PS-002346,APP-2025-0520,Decision,2025-07-05,2025-07-06,5
PS-002347,APP-2025-0521,Initial Screening,2025-03-18,2025-03-19,1
PS-002348,APP-2025-0521,Technical Review,2025-03-19,,2
PS-002349,APP-2025-0522,Initial Screening,2025-12-23,2025-12-28,1
PS-002350,APP-2025-0522,Technical Review,2025-12-28,2026-01-14,2
PS-002351,APP-2025-0522,Financial / Cost Review,2026-01-14,2026-01-17,3
PS-002352,APP-2025-0522,Final Assessment,2026-01-17,2026-01-26,4
PS-002353,APP-2025-0522,Decision,2026-01-26,2026-01-28,5
PS-002354,APP-2025-0523,Initial Screening,2025-09-09,2025-09-10,1
PS-002355,APP-2025-0523,Technical Review,2025-09-10,2025-09-15,2
PS-002356,APP-2025-0523,Financial / Cost Review,2025-09-15,2025-09-17,3
PS-002357,APP-2025-0523,Final Assessment,2025-09-17,2025-09-20,4
PS-002358,APP-2025-0523,Decision,2025-09-20,2025-09-21,5
PS-002359,APP-2025-0524,Initial Screening,2025-03-05,2025-03-09,1
PS-002360,APP-2025-0524,Technical Review,2025-03-09,2025-03-27,2
PS-002361,APP-2025-0524,Financial / Cost Review,2025-03-27,2025-04-04,3
PS-002362,APP-2025-0524,Final Assessment,2025-04-04,2025-04-06,4
PS-002363,APP-2025-0524,Decision,2025-04-06,2025-04-08,5
PS-002364,APP-2025-0525,Initial Screening,2025-01-19,2025-01-22,1
PS-002365,APP-2025-0525,Technical Review,2025-01-22,2025-02-10,2
PS-002366,APP-2025-0525,Financial / Cost Review,2025-02-10,2025-02-23,3
PS-002367,APP-2025-0525,Final Assessment,2025-02-23,2025-03-05,4
PS-002368,APP-2025-0525,Decision,2025-03-05,2025-03-08,5
PS-002369,APP-2025-0526,Initial Screening,2025-08-14,2025-08-21,1
PS-002370,APP-2025-0526,Technical Review,2025-08-21,2025-08-24,2
PS-002371,APP-2025-0526,Financial / Cost Review,2025-08-24,2025-08-27,3
PS-002372,APP-2025-0526,Final Assessment,2025-08-27,2025-09-01,4
PS-002373,APP-2025-0526,Decision,2025-09-01,2025-09-02,5
PS-002374,APP-2025-0527,Initial Screening,2025-10-10,2025-10-12,1
PS-002375,APP-2025-0527,Technical Review,2025-10-12,2025-10-27,2
PS-002376,APP-2025-0527,Financial / Cost Review,2025-10-27,2025-10-30,3
PS-002377,APP-2025-0527,Final Assessment,2025-10-30,2025-11-02,4
PS-002378,APP-2025-0527,Decision,2025-11-02,2025-11-05,5
PS-002379,APP-2025-0528,Initial Screening,2025-03-04,2025-03-06,1
PS-002380,APP-2025-0528,Technical Review,2025-03-06,2025-03-14,2
PS-002381,APP-2025-0528,Financial / Cost Review,2025-03-14,2025-03-15,3
PS-002382,APP-2025-0528,Final Assessment,2025-03-15,2025-03-16,4
PS-002383,APP-2025-0528,Decision,2025-03-16,2025-03-17,5
PS-002384,APP-2025-0529,Initial Screening,2025-02-23,2025-02-24,1
PS-002385,APP-2025-0529,Technical Review,2025-02-24,2025-03-01,2
PS-002386,APP-2025-0529,Financial / Cost Review,2025-03-01,2025-03-03,3
PS-002387,APP-2025-0529,Final Assessment,2025-03-03,2025-03-08,4
PS-002388,APP-2025-0529,Decision,2025-03-08,2025-03-09,5
PS-002389,APP-2025-0530,Initial Screening,2025-05-20,2025-05-22,1
PS-002390,APP-2025-0530,Technical Review,2025-05-22,2025-05-28,2
PS-002391,APP-2025-0530,Financial / Cost Review,2025-05-28,,3
PS-002392,APP-2025-0531,Initial Screening,2025-05-28,2025-05-30,1
PS-002393,APP-2025-0531,Technical Review,2025-05-30,2025-06-03,2
PS-002394,APP-2025-0531,Financial / Cost Review,2025-06-03,2025-06-10,3
PS-002395,APP-2025-0531,Final Assessment,2025-06-10,2025-06-12,4
PS-002396,APP-2025-0531,Decision,2025-06-12,2025-06-15,5
PS-002397,APP-2025-0532,Initial Screening,2025-10-09,2025-10-13,1
PS-002398,APP-2025-0532,Technical Review,2025-10-13,2025-10-25,2
PS-002399,APP-2025-0532,Financial / Cost Review,2025-10-25,2025-11-01,3
PS-002400,APP-2025-0532,Final Assessment,2025-11-01,2025-11-02,4
PS-002401,APP-2025-0532,Decision,2025-11-02,2025-11-05,5
PS-002402,APP-2025-0533,Initial Screening,2025-02-20,2025-02-25,1
PS-002403,APP-2025-0533,Technical Review,2025-02-25,2025-03-10,2
PS-002404,APP-2025-0533,Financial / Cost Review,2025-03-10,2025-03-14,3
PS-002405,APP-2025-0533,Final Assessment,2025-03-14,2025-03-26,4
PS-002406,APP-2025-0533,Decision,2025-03-26,2025-03-28,5
PS-002407,APP-2025-0534,Initial Screening,2025-09-06,2025-09-07,1
PS-002408,APP-2025-0534,Technical Review,2025-09-07,,2
PS-002409,APP-2025-0535,Initial Screening,2025-07-08,2025-07-10,1
PS-002410,APP-2025-0535,Technical Review,2025-07-10,2025-07-21,2
PS-002411,APP-2025-0535,Financial / Cost Review,2025-07-21,2025-08-01,3
PS-002412,APP-2025-0535,Final Assessment,2025-08-01,2025-08-02,4
PS-002413,APP-2025-0535,Decision,2025-08-02,2025-08-03,5
PS-002414,APP-2025-0536,Initial Screening,2025-07-01,2025-07-04,1
PS-002415,APP-2025-0536,Technical Review,2025-07-04,2025-07-12,2
PS-002416,APP-2025-0536,Financial / Cost Review,2025-07-12,,3
PS-002417,APP-2025-0537,Initial Screening,2025-06-20,2025-06-25,1
PS-002418,APP-2025-0537,Technical Review,2025-06-25,2025-07-21,2
PS-002419,APP-2025-0537,Financial / Cost Review,2025-07-21,2025-07-24,3
PS-002420,APP-2025-0537,Final Assessment,2025-07-24,2025-07-28,4
PS-002421,APP-2025-0537,Decision,2025-07-28,2025-08-01,5
PS-002422,APP-2025-0538,Initial Screening,2025-07-07,2025-07-08,1
PS-002423,APP-2025-0538,Technical Review,2025-07-08,2025-07-22,2
PS-002424,APP-2025-0538,Financial / Cost Review,2025-07-22,2025-07-28,3
PS-002425,APP-2025-0538,Final Assessment,2025-07-28,2025-07-30,4
PS-002426,APP-2025-0538,Decision,2025-07-30,2025-08-01,5
PS-002427,APP-2025-0539,Initial Screening,2025-09-13,2025-09-16,1
PS-002428,APP-2025-0539,Technical Review,2025-09-16,2025-09-21,2
PS-002429,APP-2025-0539,Financial / Cost Review,2025-09-21,2025-09-28,3
PS-002430,APP-2025-0539,Final Assessment,2025-09-28,2025-09-29,4
PS-002431,APP-2025-0539,Decision,2025-09-29,2025-09-30,5
PS-002432,APP-2025-0540,Initial Screening,2025-06-25,2025-06-29,1
PS-002433,APP-2025-0540,Technical Review,2025-06-29,2025-07-04,2
PS-002434,APP-2025-0540,Financial / Cost Review,2025-07-04,2025-07-06,3
PS-002435,APP-2025-0540,Final Assessment,2025-07-06,,4
PS-002436,APP-2025-0541,Initial Screening,2025-04-13,2025-04-15,1
PS-002437,APP-2025-0541,Technical Review,2025-04-15,,2
PS-002438,APP-2025-0542,Initial Screening,2025-02-18,2025-02-19,1
PS-002439,APP-2025-0542,Technical Review,2025-02-19,2025-02-23,2
PS-002440,APP-2025-0542,Financial / Cost Review,2025-02-23,2025-02-26,3
PS-002441,APP-2025-0542,Final Assessment,2025-02-26,2025-02-28,4
PS-002442,APP-2025-0542,Decision,2025-02-28,2025-03-01,5
PS-002443,APP-2025-0543,Initial Screening,2025-08-21,2025-08-23,1
PS-002444,APP-2025-0543,Technical Review,2025-08-23,2025-08-26,2
PS-002445,APP-2025-0543,Financial / Cost Review,2025-08-26,2025-08-30,3
PS-002446,APP-2025-0543,Final Assessment,2025-08-30,2025-09-03,4
PS-002447,APP-2025-0543,Decision,2025-09-03,2025-09-04,5
PS-002448,APP-2025-0544,Initial Screening,2025-02-21,2025-02-22,1
PS-002449,APP-2025-0544,Technical Review,2025-02-22,2025-03-04,2
PS-002450,APP-2025-0544,Financial / Cost Review,2025-03-04,2025-03-05,3
PS-002451,APP-2025-0544,Final Assessment,2025-03-05,,4
PS-002452,APP-2025-0545,Initial Screening,2025-12-30,2026-01-05,1
PS-002453,APP-2025-0545,Technical Review,2026-01-05,2026-01-23,2
PS-002454,APP-2025-0545,Financial / Cost Review,2026-01-23,2026-02-02,3
PS-002455,APP-2025-0545,Final Assessment,2026-02-02,2026-02-05,4
PS-002456,APP-2025-0545,Decision,2026-02-05,2026-02-07,5
PS-002457,APP-2025-0546,Initial Screening,2025-01-17,2025-01-19,1
PS-002458,APP-2025-0546,Technical Review,2025-01-19,2025-01-24,2
PS-002459,APP-2025-0546,Financial / Cost Review,2025-01-24,2025-01-25,3
PS-002460,APP-2025-0546,Final Assessment,2025-01-25,2025-01-28,4
PS-002461,APP-2025-0546,Decision,2025-01-28,2025-01-31,5
PS-002462,APP-2025-0547,Initial Screening,2025-12-30,2025-12-31,1
PS-002463,APP-2025-0547,Technical Review,2025-12-31,2026-01-08,2
PS-002464,APP-2025-0547,Financial / Cost Review,2026-01-08,2026-01-14,3
PS-002465,APP-2025-0547,Final Assessment,2026-01-14,2026-01-17,4
PS-002466,APP-2025-0547,Decision,2026-01-17,2026-01-19,5
PS-002467,APP-2025-0548,Initial Screening,2025-12-02,,1
PS-002468,APP-2025-0549,Initial Screening,2025-01-13,2025-01-20,1
PS-002469,APP-2025-0549,Technical Review,2025-01-20,2025-01-23,2
PS-002470,APP-2025-0549,Financial / Cost Review,2025-01-23,2025-01-25,3
PS-002471,APP-2025-0549,Final Assessment,2025-01-25,2025-02-02,4
PS-002472,APP-2025-0549,Decision,2025-02-02,2025-02-07,5
PS-002473,APP-2025-0550,Initial Screening,2025-10-01,2025-10-03,1
PS-002474,APP-2025-0550,Technical Review,2025-10-03,,2
PS-002475,APP-2025-0551,Initial Screening,2025-10-09,2025-10-12,1
PS-002476,APP-2025-0551,Technical Review,2025-10-12,2025-10-16,2
PS-002477,APP-2025-0551,Financial / Cost Review,2025-10-16,2025-10-19,3
PS-002478,APP-2025-0551,Final Assessment,2025-10-19,,4
PS-002479,APP-2025-0552,Initial Screening,2025-01-15,2025-01-16,1
PS-002480,APP-2025-0552,Technical Review,2025-01-16,2025-01-20,2
PS-002481,APP-2025-0552,Financial / Cost Review,2025-01-20,2025-01-21,3
PS-002482,APP-2025-0552,Final Assessment,2025-01-21,2025-01-30,4
PS-002483,APP-2025-0552,Decision,2025-01-30,2025-02-03,5
PS-002484,APP-2025-0553,Initial Screening,2025-01-05,2025-01-06,1
PS-002485,APP-2025-0553,Technical Review,2025-01-06,2025-01-24,2
PS-002486,APP-2025-0553,Financial / Cost Review,2025-01-24,2025-02-03,3
PS-002487,APP-2025-0553,Final Assessment,2025-02-03,2025-02-06,4
PS-002488,APP-2025-0553,Decision,2025-02-06,2025-02-08,5
PS-002489,APP-2025-0554,Initial Screening,2025-04-21,2025-04-24,1
PS-002490,APP-2025-0554,Technical Review,2025-04-24,2025-04-27,2
PS-002491,APP-2025-0554,Financial / Cost Review,2025-04-27,2025-05-12,3
PS-002492,APP-2025-0554,Final Assessment,2025-05-12,2025-05-17,4
PS-002493,APP-2025-0554,Decision,2025-05-17,2025-05-18,5
PS-002494,APP-2025-0555,Initial Screening,2025-02-05,2025-02-06,1
PS-002495,APP-2025-0555,Technical Review,2025-02-06,2025-02-18,2
PS-002496,APP-2025-0555,Financial / Cost Review,2025-02-18,2025-02-20,3
PS-002497,APP-2025-0555,Final Assessment,2025-02-20,2025-02-22,4
PS-002498,APP-2025-0555,Decision,2025-02-22,2025-02-23,5
PS-002499,APP-2025-0556,Initial Screening,2025-08-09,2025-08-12,1
PS-002500,APP-2025-0556,Technical Review,2025-08-12,2025-08-16,2
PS-002501,APP-2025-0556,Financial / Cost Review,2025-08-16,2025-08-17,3
PS-002502,APP-2025-0556,Final Assessment,2025-08-17,2025-08-18,4
PS-002503,APP-2025-0556,Decision,2025-08-18,2025-08-21,5
PS-002504,APP-2025-0557,Initial Screening,2025-08-27,2025-08-28,1
PS-002505,APP-2025-0557,Technical Review,2025-08-28,2025-08-31,2
PS-002506,APP-2025-0557,Financial / Cost Review,2025-08-31,2025-09-03,3
PS-002507,APP-2025-0557,Final Assessment,2025-09-03,2025-09-06,4
PS-002508,APP-2025-0557,Decision,2025-09-06,2025-09-09,5
PS-002509,APP-2025-0558,Initial Screening,2025-05-10,2025-05-15,1
PS-002510,APP-2025-0558,Technical Review,2025-05-15,2025-06-02,2
PS-002511,APP-2025-0558,Financial / Cost Review,2025-06-02,2025-06-03,3
PS-002512,APP-2025-0558,Final Assessment,2025-06-03,2025-06-04,4
PS-002513,APP-2025-0558,Decision,2025-06-04,2025-06-08,5
PS-002514,APP-2025-0559,Initial Screening,2025-02-02,2025-02-04,1
PS-002515,APP-2025-0559,Technical Review,2025-02-04,2025-02-09,2
PS-002516,APP-2025-0559,Financial / Cost Review,2025-02-09,2025-03-03,3
PS-002517,APP-2025-0559,Final Assessment,2025-03-03,2025-03-09,4
PS-002518,APP-2025-0559,Decision,2025-03-09,2025-03-10,5
PS-002519,APP-2025-0560,Initial Screening,2025-05-03,2025-05-06,1
PS-002520,APP-2025-0560,Technical Review,2025-05-06,2025-05-10,2
PS-002521,APP-2025-0560,Financial / Cost Review,2025-05-10,2025-05-13,3
PS-002522,APP-2025-0560,Final Assessment,2025-05-13,2025-05-14,4
PS-002523,APP-2025-0560,Decision,2025-05-14,2025-05-17,5
PS-002524,APP-2025-0561,Initial Screening,2025-03-06,2025-03-07,1
PS-002525,APP-2025-0561,Technical Review,2025-03-07,2025-03-09,2
PS-002526,APP-2025-0561,Financial / Cost Review,2025-03-09,2025-03-13,3
PS-002527,APP-2025-0561,Final Assessment,2025-03-13,2025-03-17,4
PS-002528,APP-2025-0561,Decision,2025-03-17,2025-03-18,5
PS-002529,APP-2025-0562,Initial Screening,2025-02-15,2025-02-16,1
PS-002530,APP-2025-0562,Technical Review,2025-02-16,2025-02-22,2
PS-002531,APP-2025-0562,Financial / Cost Review,2025-02-22,2025-02-25,3
PS-002532,APP-2025-0562,Final Assessment,2025-02-25,2025-02-28,4
PS-002533,APP-2025-0562,Decision,2025-02-28,2025-03-02,5
PS-002534,APP-2025-0563,Initial Screening,2025-02-16,2025-02-18,1
PS-002535,APP-2025-0563,Technical Review,2025-02-18,2025-03-08,2
PS-002536,APP-2025-0563,Financial / Cost Review,2025-03-08,2025-03-09,3
PS-002537,APP-2025-0563,Final Assessment,2025-03-09,2025-03-11,4
PS-002538,APP-2025-0563,Decision,2025-03-11,2025-03-12,5
PS-002539,APP-2025-0564,Initial Screening,2025-03-08,2025-03-12,1
PS-002540,APP-2025-0564,Technical Review,2025-03-12,2025-03-16,2
PS-002541,APP-2025-0564,Financial / Cost Review,2025-03-16,2025-03-17,3
PS-002542,APP-2025-0564,Final Assessment,2025-03-17,,4
PS-002543,APP-2025-0565,Initial Screening,2025-09-04,,1
PS-002544,APP-2025-0566,Initial Screening,2025-10-23,,1
PS-002545,APP-2025-0567,Initial Screening,2025-04-27,2025-04-29,1
PS-002546,APP-2025-0567,Technical Review,2025-04-29,2025-05-08,2
PS-002547,APP-2025-0567,Financial / Cost Review,2025-05-08,2025-05-09,3
PS-002548,APP-2025-0567,Final Assessment,2025-05-09,2025-05-13,4
PS-002549,APP-2025-0567,Decision,2025-05-13,2025-05-16,5
PS-002550,APP-2025-0568,Initial Screening,2025-02-17,2025-02-21,1
PS-002551,APP-2025-0568,Technical Review,2025-02-21,2025-03-05,2
PS-002552,APP-2025-0568,Financial / Cost Review,2025-03-05,2025-03-11,3
PS-002553,APP-2025-0568,Final Assessment,2025-03-11,,4
PS-002554,APP-2025-0569,Initial Screening,2025-10-13,2025-10-16,1
PS-002555,APP-2025-0569,Technical Review,2025-10-16,2025-10-25,2
PS-002556,APP-2025-0569,Financial / Cost Review,2025-10-25,2025-10-28,3
PS-002557,APP-2025-0569,Final Assessment,2025-10-28,2025-10-29,4
PS-002558,APP-2025-0569,Decision,2025-10-29,2025-10-30,5
PS-002559,APP-2025-0570,Initial Screening,2025-12-31,2026-01-03,1
PS-002560,APP-2025-0570,Technical Review,2026-01-03,2026-01-05,2
PS-002561,APP-2025-0570,Financial / Cost Review,2026-01-05,2026-01-07,3
PS-002562,APP-2025-0570,Final Assessment,2026-01-07,,4
PS-002563,APP-2025-0571,Initial Screening,2025-07-02,2025-07-08,1
PS-002564,APP-2025-0571,Technical Review,2025-07-08,2025-07-14,2
PS-002565,APP-2025-0571,Financial / Cost Review,2025-07-14,2025-07-15,3
PS-002566,APP-2025-0571,Final Assessment,2025-07-15,2025-07-22,4
PS-002567,APP-2025-0571,Decision,2025-07-22,2025-07-23,5
PS-002568,APP-2025-0572,Initial Screening,2025-10-01,2025-10-05,1
PS-002569,APP-2025-0572,Technical Review,2025-10-05,2025-10-11,2
PS-002570,APP-2025-0572,Financial / Cost Review,2025-10-11,2025-10-13,3
PS-002571,APP-2025-0572,Final Assessment,2025-10-13,2025-10-16,4
PS-002572,APP-2025-0572,Decision,2025-10-16,2025-10-19,5
PS-002573,APP-2025-0573,Initial Screening,2025-02-13,2025-02-14,1
PS-002574,APP-2025-0573,Technical Review,2025-02-14,2025-02-22,2
PS-002575,APP-2025-0573,Financial / Cost Review,2025-02-22,2025-03-01,3
PS-002576,APP-2025-0573,Final Assessment,2025-03-01,2025-03-03,4
PS-002577,APP-2025-0573,Decision,2025-03-03,2025-03-13,5
PS-002578,APP-2025-0574,Initial Screening,2025-02-23,2025-02-26,1
PS-002579,APP-2025-0574,Technical Review,2025-02-26,2025-03-02,2
PS-002580,APP-2025-0574,Financial / Cost Review,2025-03-02,2025-03-08,3
PS-002581,APP-2025-0574,Final Assessment,2025-03-08,2025-03-10,4
PS-002582,APP-2025-0574,Decision,2025-03-10,2025-03-12,5
PS-002583,APP-2025-0575,Initial Screening,2025-04-26,2025-04-29,1
PS-002584,APP-2025-0575,Technical Review,2025-04-29,2025-05-18,2
PS-002585,APP-2025-0575,Financial / Cost Review,2025-05-18,2025-05-20,3
PS-002586,APP-2025-0575,Final Assessment,2025-05-20,2025-05-23,4
PS-002587,APP-2025-0575,Decision,2025-05-23,2025-05-25,5
PS-002588,APP-2025-0576,Initial Screening,2025-02-10,2025-02-12,1
PS-002589,APP-2025-0576,Technical Review,2025-02-12,2025-02-19,2
PS-002590,APP-2025-0576,Financial / Cost Review,2025-02-19,2025-02-28,3
PS-002591,APP-2025-0576,Final Assessment,2025-02-28,2025-03-05,4
PS-002592,APP-2025-0576,Decision,2025-03-05,2025-03-09,5
PS-002593,APP-2025-0577,Initial Screening,2025-11-07,2025-11-11,1
PS-002594,APP-2025-0577,Technical Review,2025-11-11,2025-11-18,2
PS-002595,APP-2025-0577,Financial / Cost Review,2025-11-18,2025-11-19,3
PS-002596,APP-2025-0577,Final Assessment,2025-11-19,2025-11-23,4
PS-002597,APP-2025-0577,Decision,2025-11-23,2025-11-26,5
PS-002598,APP-2025-0578,Initial Screening,2025-05-16,2025-05-17,1
PS-002599,APP-2025-0578,Technical Review,2025-05-17,2025-05-31,2
PS-002600,APP-2025-0578,Financial / Cost Review,2025-05-31,2025-06-06,3
PS-002601,APP-2025-0578,Final Assessment,2025-06-06,2025-06-09,4
PS-002602,APP-2025-0578,Decision,2025-06-09,2025-06-10,5
PS-002603,APP-2025-0579,Initial Screening,2025-08-04,2025-08-09,1
PS-002604,APP-2025-0579,Technical Review,2025-08-09,2025-08-14,2
PS-002605,APP-2025-0579,Financial / Cost Review,2025-08-14,2025-08-17,3
PS-002606,APP-2025-0579,Final Assessment,2025-08-17,2025-08-24,4
PS-002607,APP-2025-0579,Decision,2025-08-24,2025-08-27,5
PS-002608,APP-2025-0580,Initial Screening,2025-09-29,2025-10-05,1
PS-002609,APP-2025-0580,Technical Review,2025-10-05,2025-10-17,2
PS-002610,APP-2025-0580,Financial / Cost Review,2025-10-17,2025-10-23,3
PS-002611,APP-2025-0580,Final Assessment,2025-10-23,2025-10-27,4
PS-002612,APP-2025-0580,Decision,2025-10-27,2025-10-29,5
PS-002613,APP-2025-0581,Initial Screening,2025-10-08,2025-10-13,1
PS-002614,APP-2025-0581,Technical Review,2025-10-13,2025-10-19,2
PS-002615,APP-2025-0581,Financial / Cost Review,2025-10-19,2025-10-25,3
PS-002616,APP-2025-0581,Final Assessment,2025-10-25,2025-10-31,4
PS-002617,APP-2025-0581,Decision,2025-10-31,2025-11-04,5
PS-002618,APP-2025-0582,Initial Screening,2025-02-03,2025-02-04,1
PS-002619,APP-2025-0582,Technical Review,2025-02-04,2025-02-08,2
PS-002620,APP-2025-0582,Financial / Cost Review,2025-02-08,2025-02-17,3
PS-002621,APP-2025-0582,Final Assessment,2025-02-17,2025-02-21,4
PS-002622,APP-2025-0582,Decision,2025-02-21,2025-02-22,5
PS-002623,APP-2025-0583,Initial Screening,2025-08-06,2025-08-08,1
PS-002624,APP-2025-0583,Technical Review,2025-08-08,2025-08-14,2
PS-002625,APP-2025-0583,Financial / Cost Review,2025-08-14,2025-08-23,3
PS-002626,APP-2025-0583,Final Assessment,2025-08-23,2025-08-25,4
PS-002627,APP-2025-0583,Decision,2025-08-25,2025-08-27,5
PS-002628,APP-2025-0584,Initial Screening,2025-06-10,2025-06-16,1
PS-002629,APP-2025-0584,Technical Review,2025-06-16,2025-06-19,2
PS-002630,APP-2025-0584,Financial / Cost Review,2025-06-19,2025-06-26,3
PS-002631,APP-2025-0584,Final Assessment,2025-06-26,2025-06-27,4
PS-002632,APP-2025-0584,Decision,2025-06-27,2025-06-29,5
PS-002633,APP-2025-0585,Initial Screening,2025-10-01,2025-10-02,1
PS-002634,APP-2025-0585,Technical Review,2025-10-02,2025-10-04,2
PS-002635,APP-2025-0585,Financial / Cost Review,2025-10-04,2025-10-07,3
PS-002636,APP-2025-0585,Final Assessment,2025-10-07,2025-10-08,4
PS-002637,APP-2025-0585,Decision,2025-10-08,2025-10-09,5
PS-002638,APP-2025-0586,Initial Screening,2025-10-15,2025-10-19,1
PS-002639,APP-2025-0586,Technical Review,2025-10-19,2025-10-23,2
PS-002640,APP-2025-0586,Financial / Cost Review,2025-10-23,2025-10-29,3
PS-002641,APP-2025-0586,Final Assessment,2025-10-29,2025-11-01,4
PS-002642,APP-2025-0586,Decision,2025-11-01,2025-11-03,5
PS-002643,APP-2025-0587,Initial Screening,2025-02-18,2025-02-20,1
PS-002644,APP-2025-0587,Technical Review,2025-02-20,2025-02-25,2
PS-002645,APP-2025-0587,Financial / Cost Review,2025-02-25,2025-03-02,3
PS-002646,APP-2025-0587,Final Assessment,2025-03-02,2025-03-03,4
PS-002647,APP-2025-0587,Decision,2025-03-03,2025-03-04,5
PS-002648,APP-2025-0588,Initial Screening,2025-07-27,2025-07-29,1
PS-002649,APP-2025-0588,Technical Review,2025-07-29,2025-08-17,2
PS-002650,APP-2025-0588,Financial / Cost Review,2025-08-17,2025-08-18,3
PS-002651,APP-2025-0588,Final Assessment,2025-08-18,2025-08-20,4
PS-002652,APP-2025-0588,Decision,2025-08-20,2025-08-22,5
PS-002653,APP-2025-0589,Initial Screening,2025-07-25,2025-07-26,1
PS-002654,APP-2025-0589,Technical Review,2025-07-26,2025-07-29,2
PS-002655,APP-2025-0589,Financial / Cost Review,2025-07-29,2025-08-06,3
PS-002656,APP-2025-0589,Final Assessment,2025-08-06,2025-08-09,4
PS-002657,APP-2025-0589,Decision,2025-08-09,2025-08-11,5
PS-002658,APP-2025-0590,Initial Screening,2025-12-07,2025-12-10,1
PS-002659,APP-2025-0590,Technical Review,2025-12-10,2025-12-19,2
PS-002660,APP-2025-0590,Financial / Cost Review,2025-12-19,2025-12-22,3
PS-002661,APP-2025-0590,Final Assessment,2025-12-22,2025-12-26,4
PS-002662,APP-2025-0590,Decision,2025-12-26,2025-12-28,5
PS-002663,APP-2025-0591,Initial Screening,2025-09-27,2025-10-01,1
PS-002664,APP-2025-0591,Technical Review,2025-10-01,2025-10-16,2
PS-002665,APP-2025-0591,Financial / Cost Review,2025-10-16,2025-10-19,3
PS-002666,APP-2025-0591,Final Assessment,2025-10-19,2025-10-26,4
PS-002667,APP-2025-0591,Decision,2025-10-26,2025-10-30,5
PS-002668,APP-2025-0592,Initial Screening,2025-08-17,2025-08-18,1
PS-002669,APP-2025-0592,Technical Review,2025-08-18,2025-08-20,2
PS-002670,APP-2025-0592,Financial / Cost Review,2025-08-20,2025-08-27,3
PS-002671,APP-2025-0592,Final Assessment,2025-08-27,2025-09-02,4
PS-002672,APP-2025-0592,Decision,2025-09-02,2025-09-03,5
PS-002673,APP-2025-0593,Initial Screening,2025-05-23,2025-05-24,1
PS-002674,APP-2025-0593,Technical Review,2025-05-24,2025-05-30,2
PS-002675,APP-2025-0593,Financial / Cost Review,2025-05-30,2025-06-05,3
PS-002676,APP-2025-0593,Final Assessment,2025-06-05,2025-06-10,4
PS-002677,APP-2025-0593,Decision,2025-06-10,2025-06-11,5
PS-002678,APP-2025-0594,Initial Screening,2025-04-12,2025-04-14,1
PS-002679,APP-2025-0594,Technical Review,2025-04-14,2025-04-23,2
PS-002680,APP-2025-0594,Financial / Cost Review,2025-04-23,2025-04-26,3
PS-002681,APP-2025-0594,Final Assessment,2025-04-26,2025-04-28,4
PS-002682,APP-2025-0594,Decision,2025-04-28,2025-04-29,5
PS-002683,APP-2025-0595,Initial Screening,2025-07-20,2025-07-22,1
PS-002684,APP-2025-0595,Technical Review,2025-07-22,2025-07-23,2
PS-002685,APP-2025-0595,Financial / Cost Review,2025-07-23,2025-07-26,3
PS-002686,APP-2025-0595,Final Assessment,2025-07-26,2025-07-27,4
PS-002687,APP-2025-0595,Decision,2025-07-27,2025-07-28,5
PS-002688,APP-2025-0596,Initial Screening,2025-02-21,2025-02-24,1
PS-002689,APP-2025-0596,Technical Review,2025-02-24,2025-03-19,2
PS-002690,APP-2025-0596,Financial / Cost Review,2025-03-19,2025-03-28,3
PS-002691,APP-2025-0596,Final Assessment,2025-03-28,2025-04-09,4
PS-002692,APP-2025-0596,Decision,2025-04-09,2025-04-11,5
PS-002693,APP-2025-0597,Initial Screening,2025-04-27,2025-04-28,1
PS-002694,APP-2025-0597,Technical Review,2025-04-28,,2
PS-002695,APP-2025-0598,Initial Screening,2025-12-03,2025-12-08,1
PS-002696,APP-2025-0598,Technical Review,2025-12-08,2025-12-20,2
PS-002697,APP-2025-0598,Financial / Cost Review,2025-12-20,2025-12-21,3
PS-002698,APP-2025-0598,Final Assessment,2025-12-21,2025-12-27,4
PS-002699,APP-2025-0598,Decision,2025-12-27,2025-12-28,5
PS-002700,APP-2025-0599,Initial Screening,2025-01-03,2025-01-05,1
PS-002701,APP-2025-0599,Technical Review,2025-01-05,2025-01-22,2
PS-002702,APP-2025-0599,Financial / Cost Review,2025-01-22,2025-01-24,3
PS-002703,APP-2025-0599,Final Assessment,2025-01-24,2025-02-01,4
PS-002704,APP-2025-0599,Decision,2025-02-01,2025-02-03,5
PS-002705,APP-2025-0600,Initial Screening,2025-09-18,2025-09-20,1
PS-002706,APP-2025-0600,Technical Review,2025-09-20,2025-09-23,2
PS-002707,APP-2025-0600,Financial / Cost Review,2025-09-23,2025-09-29,3
PS-002708,APP-2025-0600,Final Assessment,2025-09-29,2025-10-08,4
PS-002709,APP-2025-0600,Decision,2025-10-08,2025-10-11,5
PS-002710,APP-2025-0601,Initial Screening,2025-10-02,,1
PS-002711,APP-2025-0602,Initial Screening,2025-05-13,2025-05-18,1
PS-002712,APP-2025-0602,Technical Review,2025-05-18,2025-05-26,2
PS-002713,APP-2025-0602,Financial / Cost Review,2025-05-26,2025-05-29,3
PS-002714,APP-2025-0602,Final Assessment,2025-05-29,2025-05-31,4
PS-002715,APP-2025-0602,Decision,2025-05-31,2025-06-01,5
PS-002716,APP-2025-0603,Initial Screening,2025-06-30,2025-07-03,1
PS-002717,APP-2025-0603,Technical Review,2025-07-03,2025-07-11,2
PS-002718,APP-2025-0603,Financial / Cost Review,2025-07-11,2025-07-14,3
PS-002719,APP-2025-0603,Final Assessment,2025-07-14,,4
PS-002720,APP-2025-0604,Initial Screening,2025-08-13,2025-08-15,1
PS-002721,APP-2025-0604,Technical Review,2025-08-15,2025-08-16,2
PS-002722,APP-2025-0604,Financial / Cost Review,2025-08-16,2025-08-26,3
PS-002723,APP-2025-0604,Final Assessment,2025-08-26,2025-08-28,4
PS-002724,APP-2025-0604,Decision,2025-08-28,2025-08-29,5
PS-002725,APP-2025-0605,Initial Screening,2025-01-12,2025-01-15,1
PS-002726,APP-2025-0605,Technical Review,2025-01-15,2025-01-18,2
PS-002727,APP-2025-0605,Financial / Cost Review,2025-01-18,2025-01-21,3
PS-002728,APP-2025-0605,Final Assessment,2025-01-21,2025-01-23,4
PS-002729,APP-2025-0605,Decision,2025-01-23,2025-01-25,5
PS-002730,APP-2025-0606,Initial Screening,2025-02-12,2025-02-13,1
PS-002731,APP-2025-0606,Technical Review,2025-02-13,2025-02-20,2
PS-002732,APP-2025-0606,Financial / Cost Review,2025-02-20,2025-03-04,3
PS-002733,APP-2025-0606,Final Assessment,2025-03-04,2025-03-07,4
PS-002734,APP-2025-0606,Decision,2025-03-07,2025-03-09,5
PS-002735,APP-2025-0607,Initial Screening,2025-01-08,2025-01-09,1
PS-002736,APP-2025-0607,Technical Review,2025-01-09,2025-01-18,2
PS-002737,APP-2025-0607,Financial / Cost Review,2025-01-18,2025-01-19,3
PS-002738,APP-2025-0607,Final Assessment,2025-01-19,2025-01-20,4
PS-002739,APP-2025-0607,Decision,2025-01-20,2025-01-23,5
PS-002740,APP-2025-0608,Initial Screening,2025-05-05,2025-05-08,1
PS-002741,APP-2025-0608,Technical Review,2025-05-08,2025-05-19,2
PS-002742,APP-2025-0608,Financial / Cost Review,2025-05-19,2025-05-21,3
PS-002743,APP-2025-0608,Final Assessment,2025-05-21,2025-05-29,4
PS-002744,APP-2025-0608,Decision,2025-05-29,2025-05-30,5
PS-002745,APP-2025-0609,Initial Screening,2025-04-10,2025-04-13,1
PS-002746,APP-2025-0609,Technical Review,2025-04-13,2025-04-24,2
PS-002747,APP-2025-0609,Financial / Cost Review,2025-04-24,2025-05-03,3
PS-002748,APP-2025-0609,Final Assessment,2025-05-03,2025-05-12,4
PS-002749,APP-2025-0609,Decision,2025-05-12,2025-05-20,5
PS-002750,APP-2025-0610,Initial Screening,2025-09-25,2025-09-26,1
PS-002751,APP-2025-0610,Technical Review,2025-09-26,2025-09-29,2
PS-002752,APP-2025-0610,Financial / Cost Review,2025-09-29,2025-09-30,3
PS-002753,APP-2025-0610,Final Assessment,2025-09-30,2025-10-01,4
PS-002754,APP-2025-0610,Decision,2025-10-01,2025-10-02,5
PS-002755,APP-2025-0611,Initial Screening,2025-11-13,2025-11-14,1
PS-002756,APP-2025-0611,Technical Review,2025-11-14,2025-11-19,2
PS-002757,APP-2025-0611,Financial / Cost Review,2025-11-19,2025-11-20,3
PS-002758,APP-2025-0611,Final Assessment,2025-11-20,2025-11-23,4
PS-002759,APP-2025-0611,Decision,2025-11-23,2025-11-25,5
PS-002760,APP-2025-0612,Initial Screening,2025-01-13,2025-01-16,1
PS-002761,APP-2025-0612,Technical Review,2025-01-16,2025-01-26,2
PS-002762,APP-2025-0612,Financial / Cost Review,2025-01-26,2025-01-29,3
PS-002763,APP-2025-0612,Final Assessment,2025-01-29,2025-02-11,4
PS-002764,APP-2025-0612,Decision,2025-02-11,2025-02-13,5
PS-002765,APP-2025-0613,Initial Screening,2025-07-18,2025-07-21,1
PS-002766,APP-2025-0613,Technical Review,2025-07-21,2025-07-23,2
PS-002767,APP-2025-0613,Financial / Cost Review,2025-07-23,2025-07-26,3
PS-002768,APP-2025-0613,Final Assessment,2025-07-26,2025-07-28,4
PS-002769,APP-2025-0613,Decision,2025-07-28,2025-07-29,5
PS-002770,APP-2025-0614,Initial Screening,2025-06-20,2025-06-22,1
PS-002771,APP-2025-0614,Technical Review,2025-06-22,2025-06-25,2
PS-002772,APP-2025-0614,Financial / Cost Review,2025-06-25,2025-07-03,3
PS-002773,APP-2025-0614,Final Assessment,2025-07-03,2025-07-06,4
PS-002774,APP-2025-0614,Decision,2025-07-06,2025-07-07,5
PS-002775,APP-2025-0615,Initial Screening,2025-09-04,2025-09-05,1
PS-002776,APP-2025-0615,Technical Review,2025-09-05,2025-09-21,2
PS-002777,APP-2025-0615,Financial / Cost Review,2025-09-21,2025-09-25,3
PS-002778,APP-2025-0615,Final Assessment,2025-09-25,2025-10-10,4
PS-002779,APP-2025-0615,Decision,2025-10-10,2025-10-13,5
PS-002780,APP-2025-0616,Initial Screening,2025-08-01,2025-08-03,1
PS-002781,APP-2025-0616,Technical Review,2025-08-03,2025-08-17,2
PS-002782,APP-2025-0616,Financial / Cost Review,2025-08-17,2025-08-20,3
PS-002783,APP-2025-0616,Final Assessment,2025-08-20,2025-08-29,4
PS-002784,APP-2025-0616,Decision,2025-08-29,2025-08-31,5
PS-002785,APP-2025-0617,Initial Screening,2025-06-20,2025-06-21,1
PS-002786,APP-2025-0617,Technical Review,2025-06-21,2025-06-23,2
PS-002787,APP-2025-0617,Financial / Cost Review,2025-06-23,2025-06-29,3
PS-002788,APP-2025-0617,Final Assessment,2025-06-29,2025-07-01,4
PS-002789,APP-2025-0617,Decision,2025-07-01,2025-07-04,5
PS-002790,APP-2025-0618,Initial Screening,2025-10-02,2025-10-04,1
PS-002791,APP-2025-0618,Technical Review,2025-10-04,,2
PS-002792,APP-2025-0619,Initial Screening,2025-07-31,2025-08-02,1
PS-002793,APP-2025-0619,Technical Review,2025-08-02,2025-08-22,2
PS-002794,APP-2025-0619,Financial / Cost Review,2025-08-22,2025-08-24,3
PS-002795,APP-2025-0619,Final Assessment,2025-08-24,,4
PS-002796,APP-2025-0620,Initial Screening,2025-07-09,2025-07-11,1
PS-002797,APP-2025-0620,Technical Review,2025-07-11,2025-07-24,2
PS-002798,APP-2025-0620,Financial / Cost Review,2025-07-24,2025-07-25,3
PS-002799,APP-2025-0620,Final Assessment,2025-07-25,2025-07-31,4
PS-002800,APP-2025-0620,Decision,2025-07-31,2025-08-05,5
PS-002801,APP-2025-0621,Initial Screening,2025-01-26,2025-01-31,1
PS-002802,APP-2025-0621,Technical Review,2025-01-31,2025-02-07,2
PS-002803,APP-2025-0621,Financial / Cost Review,2025-02-07,2025-02-08,3
PS-002804,APP-2025-0621,Final Assessment,2025-02-08,2025-02-10,4
PS-002805,APP-2025-0621,Decision,2025-02-10,2025-02-11,5
PS-002806,APP-2025-0622,Initial Screening,2025-10-13,2025-10-16,1
PS-002807,APP-2025-0622,Technical Review,2025-10-16,2025-10-24,2
PS-002808,APP-2025-0622,Financial / Cost Review,2025-10-24,2025-11-05,3
PS-002809,APP-2025-0622,Final Assessment,2025-11-05,2025-11-07,4
PS-002810,APP-2025-0622,Decision,2025-11-07,2025-11-11,5
PS-002811,APP-2025-0623,Initial Screening,2025-06-22,2025-06-24,1
PS-002812,APP-2025-0623,Technical Review,2025-06-24,2025-07-01,2
PS-002813,APP-2025-0623,Financial / Cost Review,2025-07-01,2025-07-07,3
PS-002814,APP-2025-0623,Final Assessment,2025-07-07,2025-07-08,4
PS-002815,APP-2025-0623,Decision,2025-07-08,2025-07-09,5
PS-002816,APP-2025-0624,Initial Screening,2025-08-16,2025-08-18,1
PS-002817,APP-2025-0624,Technical Review,2025-08-18,2025-08-25,2
PS-002818,APP-2025-0624,Financial / Cost Review,2025-08-25,2025-08-27,3
PS-002819,APP-2025-0624,Final Assessment,2025-08-27,2025-09-01,4
PS-002820,APP-2025-0624,Decision,2025-09-01,2025-09-03,5
PS-002821,APP-2025-0625,Initial Screening,2025-10-26,2025-10-27,1
PS-002822,APP-2025-0625,Technical Review,2025-10-27,2025-11-02,2
PS-002823,APP-2025-0625,Financial / Cost Review,2025-11-02,2025-11-05,3
PS-002824,APP-2025-0625,Final Assessment,2025-11-05,,4
PS-002825,APP-2025-0626,Initial Screening,2025-11-20,2025-11-22,1
PS-002826,APP-2025-0626,Technical Review,2025-11-22,2025-11-29,2
PS-002827,APP-2025-0626,Financial / Cost Review,2025-11-29,2025-12-02,3
PS-002828,APP-2025-0626,Final Assessment,2025-12-02,2025-12-05,4
PS-002829,APP-2025-0626,Decision,2025-12-05,2025-12-08,5
PS-002830,APP-2025-0627,Initial Screening,2025-03-08,2025-03-09,1
PS-002831,APP-2025-0627,Technical Review,2025-03-09,2025-03-22,2
PS-002832,APP-2025-0627,Financial / Cost Review,2025-03-22,2025-03-27,3
PS-002833,APP-2025-0627,Final Assessment,2025-03-27,2025-03-31,4
PS-002834,APP-2025-0627,Decision,2025-03-31,2025-04-01,5
PS-002835,APP-2025-0628,Initial Screening,2025-09-27,2025-10-01,1
PS-002836,APP-2025-0628,Technical Review,2025-10-01,2025-10-06,2
PS-002837,APP-2025-0628,Financial / Cost Review,2025-10-06,2025-10-13,3
PS-002838,APP-2025-0628,Final Assessment,2025-10-13,2025-10-15,4
PS-002839,APP-2025-0628,Decision,2025-10-15,2025-10-19,5
PS-002840,APP-2025-0629,Initial Screening,2025-05-25,2025-05-27,1
PS-002841,APP-2025-0629,Technical Review,2025-05-27,2025-05-28,2
PS-002842,APP-2025-0629,Financial / Cost Review,2025-05-28,2025-05-31,3
PS-002843,APP-2025-0629,Final Assessment,2025-05-31,2025-06-02,4
PS-002844,APP-2025-0629,Decision,2025-06-02,2025-06-04,5
PS-002845,APP-2025-0630,Initial Screening,2025-12-29,2025-12-30,1
PS-002846,APP-2025-0630,Technical Review,2025-12-30,2026-01-01,2
PS-002847,APP-2025-0630,Financial / Cost Review,2026-01-01,2026-01-08,3
PS-002848,APP-2025-0630,Final Assessment,2026-01-08,2026-01-10,4
PS-002849,APP-2025-0630,Decision,2026-01-10,2026-01-11,5
PS-002850,APP-2025-0631,Initial Screening,2025-01-14,2025-01-15,1
PS-002851,APP-2025-0631,Technical Review,2025-01-15,2025-01-20,2
PS-002852,APP-2025-0631,Financial / Cost Review,2025-01-20,,3
PS-002853,APP-2025-0632,Initial Screening,2025-01-23,2025-01-26,1
PS-002854,APP-2025-0632,Technical Review,2025-01-26,2025-01-30,2
PS-002855,APP-2025-0632,Financial / Cost Review,2025-01-30,2025-02-06,3
PS-002856,APP-2025-0632,Final Assessment,2025-02-06,2025-02-09,4
PS-002857,APP-2025-0632,Decision,2025-02-09,2025-02-11,5
PS-002858,APP-2025-0633,Initial Screening,2025-07-30,,1
PS-002859,APP-2025-0634,Initial Screening,2025-07-18,2025-07-20,1
PS-002860,APP-2025-0634,Technical Review,2025-07-20,2025-08-04,2
PS-002861,APP-2025-0634,Financial / Cost Review,2025-08-04,2025-08-06,3
PS-002862,APP-2025-0634,Final Assessment,2025-08-06,2025-08-11,4
PS-002863,APP-2025-0634,Decision,2025-08-11,2025-08-12,5
PS-002864,APP-2025-0635,Initial Screening,2025-08-30,2025-08-31,1
PS-002865,APP-2025-0635,Technical Review,2025-08-31,2025-09-21,2
PS-002866,APP-2025-0635,Financial / Cost Review,2025-09-21,2025-09-29,3
PS-002867,APP-2025-0635,Final Assessment,2025-09-29,2025-10-02,4
PS-002868,APP-2025-0635,Decision,2025-10-02,2025-10-03,5
PS-002869,APP-2025-0636,Initial Screening,2025-06-20,2025-06-21,1
PS-002870,APP-2025-0636,Technical Review,2025-06-21,2025-06-29,2
PS-002871,APP-2025-0636,Financial / Cost Review,2025-06-29,2025-07-02,3
PS-002872,APP-2025-0636,Final Assessment,2025-07-02,2025-07-06,4
PS-002873,APP-2025-0636,Decision,2025-07-06,2025-07-10,5
PS-002874,APP-2025-0637,Initial Screening,2025-09-25,2025-09-30,1
PS-002875,APP-2025-0637,Technical Review,2025-09-30,2025-10-09,2
PS-002876,APP-2025-0637,Financial / Cost Review,2025-10-09,2025-10-15,3
PS-002877,APP-2025-0637,Final Assessment,2025-10-15,2025-10-21,4
PS-002878,APP-2025-0637,Decision,2025-10-21,2025-10-23,5
PS-002879,APP-2025-0638,Initial Screening,2025-07-08,2025-07-10,1
PS-002880,APP-2025-0638,Technical Review,2025-07-10,2025-07-12,2
PS-002881,APP-2025-0638,Financial / Cost Review,2025-07-12,2025-07-14,3
PS-002882,APP-2025-0638,Final Assessment,2025-07-14,2025-07-18,4
PS-002883,APP-2025-0638,Decision,2025-07-18,2025-07-24,5
PS-002884,APP-2025-0639,Initial Screening,2025-07-29,2025-07-30,1
PS-002885,APP-2025-0639,Technical Review,2025-07-30,2025-08-05,2
PS-002886,APP-2025-0639,Financial / Cost Review,2025-08-05,2025-08-15,3
PS-002887,APP-2025-0639,Final Assessment,2025-08-15,2025-08-19,4
PS-002888,APP-2025-0639,Decision,2025-08-19,2025-08-23,5
PS-002889,APP-2025-0640,Initial Screening,2025-04-16,2025-04-19,1
PS-002890,APP-2025-0640,Technical Review,2025-04-19,2025-04-23,2
PS-002891,APP-2025-0640,Financial / Cost Review,2025-04-23,2025-04-24,3
PS-002892,APP-2025-0640,Final Assessment,2025-04-24,2025-04-26,4
PS-002893,APP-2025-0640,Decision,2025-04-26,2025-04-28,5
PS-002894,APP-2025-0641,Initial Screening,2025-05-09,2025-05-10,1
PS-002895,APP-2025-0641,Technical Review,2025-05-10,2025-05-26,2
PS-002896,APP-2025-0641,Financial / Cost Review,2025-05-26,2025-06-01,3
PS-002897,APP-2025-0641,Final Assessment,2025-06-01,2025-06-09,4
PS-002898,APP-2025-0641,Decision,2025-06-09,2025-06-10,5
PS-002899,APP-2025-0642,Initial Screening,2025-03-27,2025-03-28,1
PS-002900,APP-2025-0642,Technical Review,2025-03-28,2025-04-05,2
PS-002901,APP-2025-0642,Financial / Cost Review,2025-04-05,2025-04-15,3
PS-002902,APP-2025-0642,Final Assessment,2025-04-15,,4
PS-002903,APP-2025-0643,Initial Screening,2025-09-06,2025-09-09,1
PS-002904,APP-2025-0643,Technical Review,2025-09-09,2025-09-19,2
PS-002905,APP-2025-0643,Financial / Cost Review,2025-09-19,2025-09-20,3
PS-002906,APP-2025-0643,Final Assessment,2025-09-20,2025-10-01,4
PS-002907,APP-2025-0643,Decision,2025-10-01,2025-10-05,5
PS-002908,APP-2025-0644,Initial Screening,2025-11-19,2025-11-23,1
PS-002909,APP-2025-0644,Technical Review,2025-11-23,2025-12-08,2
PS-002910,APP-2025-0644,Financial / Cost Review,2025-12-08,2025-12-13,3
PS-002911,APP-2025-0644,Final Assessment,2025-12-13,2025-12-16,4
PS-002912,APP-2025-0644,Decision,2025-12-16,2025-12-19,5
PS-002913,APP-2025-0645,Initial Screening,2025-02-08,2025-02-09,1
PS-002914,APP-2025-0645,Technical Review,2025-02-09,2025-02-12,2
PS-002915,APP-2025-0645,Financial / Cost Review,2025-02-12,2025-02-15,3
PS-002916,APP-2025-0645,Final Assessment,2025-02-15,2025-02-17,4
PS-002917,APP-2025-0645,Decision,2025-02-17,2025-02-22,5
PS-002918,APP-2025-0646,Initial Screening,2025-12-28,2025-12-31,1
PS-002919,APP-2025-0646,Technical Review,2025-12-31,2026-01-03,2
PS-002920,APP-2025-0646,Financial / Cost Review,2026-01-03,2026-01-05,3
PS-002921,APP-2025-0646,Final Assessment,2026-01-05,2026-01-07,4
PS-002922,APP-2025-0646,Decision,2026-01-07,2026-01-08,5
PS-002923,APP-2025-0647,Initial Screening,2025-12-15,2025-12-16,1
PS-002924,APP-2025-0647,Technical Review,2025-12-16,2025-12-24,2
PS-002925,APP-2025-0647,Financial / Cost Review,2025-12-24,2025-12-27,3
PS-002926,APP-2025-0647,Final Assessment,2025-12-27,2025-12-31,4
PS-002927,APP-2025-0647,Decision,2025-12-31,2026-01-02,5
PS-002928,APP-2025-0648,Initial Screening,2025-03-03,2025-03-06,1
PS-002929,APP-2025-0648,Technical Review,2025-03-06,,2
PS-002930,APP-2025-0649,Initial Screening,2025-11-08,2025-11-10,1
PS-002931,APP-2025-0649,Technical Review,2025-11-10,,2
PS-002932,APP-2025-0650,Initial Screening,2025-08-01,2025-08-11,1
PS-002933,APP-2025-0650,Technical Review,2025-08-11,2025-08-22,2
PS-002934,APP-2025-0650,Financial / Cost Review,2025-08-22,2025-08-26,3
PS-002935,APP-2025-0650,Final Assessment,2025-08-26,2025-08-29,4
PS-002936,APP-2025-0650,Decision,2025-08-29,2025-09-01,5
PS-002937,APP-2025-0651,Initial Screening,2025-04-21,2025-04-23,1
PS-002938,APP-2025-0651,Technical Review,2025-04-23,2025-04-26,2
PS-002939,APP-2025-0651,Financial / Cost Review,2025-04-26,2025-05-01,3
PS-002940,APP-2025-0651,Final Assessment,2025-05-01,2025-05-02,4
PS-002941,APP-2025-0651,Decision,2025-05-02,2025-05-04,5
PS-002942,APP-2025-0652,Initial Screening,2025-12-08,2025-12-15,1
PS-002943,APP-2025-0652,Technical Review,2025-12-15,2025-12-20,2
PS-002944,APP-2025-0652,Financial / Cost Review,2025-12-20,2025-12-26,3
PS-002945,APP-2025-0652,Final Assessment,2025-12-26,2025-12-30,4
PS-002946,APP-2025-0652,Decision,2025-12-30,2026-01-01,5
PS-002947,APP-2025-0653,Initial Screening,2025-02-18,2025-02-21,1
PS-002948,APP-2025-0653,Technical Review,2025-02-21,2025-03-06,2
PS-002949,APP-2025-0653,Financial / Cost Review,2025-03-06,2025-03-10,3
PS-002950,APP-2025-0653,Final Assessment,2025-03-10,2025-03-16,4
PS-002951,APP-2025-0653,Decision,2025-03-16,2025-03-17,5
PS-002952,APP-2025-0654,Initial Screening,2025-01-24,2025-01-25,1
PS-002953,APP-2025-0654,Technical Review,2025-01-25,2025-02-02,2
PS-002954,APP-2025-0654,Financial / Cost Review,2025-02-02,2025-02-04,3
PS-002955,APP-2025-0654,Final Assessment,2025-02-04,2025-02-07,4
PS-002956,APP-2025-0654,Decision,2025-02-07,2025-02-09,5
PS-002957,APP-2025-0655,Initial Screening,2025-03-25,2025-03-27,1
PS-002958,APP-2025-0655,Technical Review,2025-03-27,2025-03-29,2
PS-002959,APP-2025-0655,Financial / Cost Review,2025-03-29,2025-04-03,3
PS-002960,APP-2025-0655,Final Assessment,2025-04-03,2025-04-05,4
PS-002961,APP-2025-0655,Decision,2025-04-05,2025-04-08,5
PS-002962,APP-2025-0656,Initial Screening,2025-05-02,2025-05-06,1
PS-002963,APP-2025-0656,Technical Review,2025-05-06,2025-05-17,2
PS-002964,APP-2025-0656,Financial / Cost Review,2025-05-17,2025-05-23,3
PS-002965,APP-2025-0656,Final Assessment,2025-05-23,2025-05-26,4
PS-002966,APP-2025-0656,Decision,2025-05-26,2025-05-31,5
PS-002967,APP-2025-0657,Initial Screening,2025-03-09,2025-03-12,1
PS-002968,APP-2025-0657,Technical Review,2025-03-12,2025-03-14,2
PS-002969,APP-2025-0657,Financial / Cost Review,2025-03-14,2025-03-18,3
PS-002970,APP-2025-0657,Final Assessment,2025-03-18,2025-03-20,4
PS-002971,APP-2025-0657,Decision,2025-03-20,2025-03-24,5
PS-002972,APP-2025-0658,Initial Screening,2025-10-16,2025-10-17,1
PS-002973,APP-2025-0658,Technical Review,2025-10-17,2025-11-04,2
PS-002974,APP-2025-0658,Financial / Cost Review,2025-11-04,2025-11-18,3
PS-002975,APP-2025-0658,Final Assessment,2025-11-18,2025-11-20,4
PS-002976,APP-2025-0658,Decision,2025-11-20,2025-11-22,5
PS-002977,APP-2025-0659,Initial Screening,2025-06-15,2025-06-16,1
PS-002978,APP-2025-0659,Technical Review,2025-06-16,2025-06-24,2
PS-002979,APP-2025-0659,Financial / Cost Review,2025-06-24,2025-06-28,3
PS-002980,APP-2025-0659,Final Assessment,2025-06-28,2025-06-29,4
PS-002981,APP-2025-0659,Decision,2025-06-29,2025-06-30,5
PS-002982,APP-2025-0660,Initial Screening,2025-06-19,2025-06-23,1
PS-002983,APP-2025-0660,Technical Review,2025-06-23,2025-07-02,2
PS-002984,APP-2025-0660,Financial / Cost Review,2025-07-02,2025-07-05,3
PS-002985,APP-2025-0660,Final Assessment,2025-07-05,2025-07-11,4
PS-002986,APP-2025-0660,Decision,2025-07-11,2025-07-14,5
PS-002987,APP-2025-0661,Initial Screening,2025-06-09,2025-06-11,1
PS-002988,APP-2025-0661,Technical Review,2025-06-11,2025-06-15,2
PS-002989,APP-2025-0661,Financial / Cost Review,2025-06-15,2025-06-21,3
PS-002990,APP-2025-0661,Final Assessment,2025-06-21,2025-06-29,4
PS-002991,APP-2025-0661,Decision,2025-06-29,2025-06-30,5
PS-002992,APP-2025-0662,Initial Screening,2025-05-18,2025-05-22,1
PS-002993,APP-2025-0662,Technical Review,2025-05-22,2025-05-31,2
PS-002994,APP-2025-0662,Financial / Cost Review,2025-05-31,2025-06-01,3
PS-002995,APP-2025-0662,Final Assessment,2025-06-01,2025-06-09,4
PS-002996,APP-2025-0662,Decision,2025-06-09,2025-06-10,5
PS-002997,APP-2025-0663,Initial Screening,2025-01-05,2025-01-06,1
PS-002998,APP-2025-0663,Technical Review,2025-01-06,2025-01-24,2
PS-002999,APP-2025-0663,Financial / Cost Review,2025-01-24,2025-02-06,3
PS-003000,APP-2025-0663,Final Assessment,2025-02-06,2025-02-08,4
PS-003001,APP-2025-0663,Decision,2025-02-08,2025-02-10,5
PS-003002,APP-2025-0664,Initial Screening,2025-08-09,2025-08-12,1
PS-003003,APP-2025-0664,Technical Review,2025-08-12,2025-08-19,2
PS-003004,APP-2025-0664,Financial / Cost Review,2025-08-19,2025-08-22,3
PS-003005,APP-2025-0664,Final Assessment,2025-08-22,2025-08-24,4
PS-003006,APP-2025-0664,Decision,2025-08-24,2025-08-26,5
PS-003007,APP-2025-0665,Initial Screening,2025-06-14,2025-06-16,1
PS-003008,APP-2025-0665,Technical Review,2025-06-16,2025-06-27,2
PS-003009,APP-2025-0665,Financial / Cost Review,2025-06-27,2025-06-30,3
PS-003010,APP-2025-0665,Final Assessment,2025-06-30,2025-07-03,4
PS-003011,APP-2025-0665,Decision,2025-07-03,2025-07-05,5
PS-003012,APP-2025-0666,Initial Screening,2025-05-01,2025-05-02,1
PS-003013,APP-2025-0666,Technical Review,2025-05-02,2025-05-07,2
PS-003014,APP-2025-0666,Financial / Cost Review,2025-05-07,2025-05-16,3
PS-003015,APP-2025-0666,Final Assessment,2025-05-16,2025-05-20,4
PS-003016,APP-2025-0666,Decision,2025-05-20,2025-05-22,5
PS-003017,APP-2025-0667,Initial Screening,2025-03-15,2025-03-16,1
PS-003018,APP-2025-0667,Technical Review,2025-03-16,2025-03-18,2
PS-003019,APP-2025-0667,Financial / Cost Review,2025-03-18,2025-03-20,3
PS-003020,APP-2025-0667,Final Assessment,2025-03-20,2025-03-24,4
PS-003021,APP-2025-0667,Decision,2025-03-24,2025-03-27,5
PS-003022,APP-2025-0668,Initial Screening,2025-05-25,2025-05-29,1
PS-003023,APP-2025-0668,Technical Review,2025-05-29,2025-06-07,2
PS-003024,APP-2025-0668,Financial / Cost Review,2025-06-07,2025-06-11,3
PS-003025,APP-2025-0668,Final Assessment,2025-06-11,2025-06-16,4
PS-003026,APP-2025-0668,Decision,2025-06-16,2025-06-19,5
PS-003027,APP-2025-0669,Initial Screening,2025-06-14,2025-06-15,1
PS-003028,APP-2025-0669,Technical Review,2025-06-15,2025-06-20,2
PS-003029,APP-2025-0669,Financial / Cost Review,2025-06-20,2025-06-29,3
PS-003030,APP-2025-0669,Final Assessment,2025-06-29,2025-07-01,4
PS-003031,APP-2025-0669,Decision,2025-07-01,2025-07-02,5
PS-003032,APP-2025-0670,Initial Screening,2025-11-18,2025-11-27,1
PS-003033,APP-2025-0670,Technical Review,2025-11-27,2025-12-09,2
PS-003034,APP-2025-0670,Financial / Cost Review,2025-12-09,2025-12-16,3
PS-003035,APP-2025-0670,Final Assessment,2025-12-16,2025-12-21,4
PS-003036,APP-2025-0670,Decision,2025-12-21,2025-12-22,5
PS-003037,APP-2025-0671,Initial Screening,2025-06-24,2025-06-25,1
PS-003038,APP-2025-0671,Technical Review,2025-06-25,,2
PS-003039,APP-2025-0672,Initial Screening,2025-11-19,2025-11-20,1
PS-003040,APP-2025-0672,Technical Review,2025-11-20,2025-11-30,2
PS-003041,APP-2025-0672,Financial / Cost Review,2025-11-30,2025-12-02,3
PS-003042,APP-2025-0672,Final Assessment,2025-12-02,2025-12-06,4
PS-003043,APP-2025-0672,Decision,2025-12-06,2025-12-07,5
PS-003044,APP-2025-0673,Initial Screening,2025-12-31,2026-01-03,1
PS-003045,APP-2025-0673,Technical Review,2026-01-03,,2
PS-003046,APP-2025-0674,Initial Screening,2025-07-01,2025-07-04,1
PS-003047,APP-2025-0674,Technical Review,2025-07-04,2025-07-10,2
PS-003048,APP-2025-0674,Financial / Cost Review,2025-07-10,2025-07-16,3
PS-003049,APP-2025-0674,Final Assessment,2025-07-16,2025-07-20,4
PS-003050,APP-2025-0674,Decision,2025-07-20,2025-07-22,5
PS-003051,APP-2025-0675,Initial Screening,2025-11-21,2025-11-24,1
PS-003052,APP-2025-0675,Technical Review,2025-11-24,2025-11-29,2
PS-003053,APP-2025-0675,Financial / Cost Review,2025-11-29,2025-12-02,3
PS-003054,APP-2025-0675,Final Assessment,2025-12-02,2025-12-10,4
PS-003055,APP-2025-0675,Decision,2025-12-10,2025-12-12,5
PS-003056,APP-2025-0676,Initial Screening,2025-06-17,2025-06-19,1
PS-003057,APP-2025-0676,Technical Review,2025-06-19,2025-06-24,2
PS-003058,APP-2025-0676,Financial / Cost Review,2025-06-24,2025-07-01,3
PS-003059,APP-2025-0676,Final Assessment,2025-07-01,2025-07-04,4
PS-003060,APP-2025-0676,Decision,2025-07-04,2025-07-07,5
PS-003061,APP-2025-0677,Initial Screening,2025-08-09,,1
PS-003062,APP-2025-0678,Initial Screening,2025-11-18,2025-11-19,1
PS-003063,APP-2025-0678,Technical Review,2025-11-19,2025-11-27,2
PS-003064,APP-2025-0678,Financial / Cost Review,2025-11-27,2025-12-01,3
PS-003065,APP-2025-0678,Final Assessment,2025-12-01,2025-12-07,4
PS-003066,APP-2025-0678,Decision,2025-12-07,2025-12-09,5
PS-003067,APP-2025-0679,Initial Screening,2025-02-21,2025-02-24,1
PS-003068,APP-2025-0679,Technical Review,2025-02-24,2025-03-01,2
PS-003069,APP-2025-0679,Financial / Cost Review,2025-03-01,2025-03-05,3
PS-003070,APP-2025-0679,Final Assessment,2025-03-05,2025-03-09,4
PS-003071,APP-2025-0679,Decision,2025-03-09,2025-03-10,5
PS-003072,APP-2025-0680,Initial Screening,2025-05-12,2025-05-15,1
PS-003073,APP-2025-0680,Technical Review,2025-05-15,2025-05-20,2
PS-003074,APP-2025-0680,Financial / Cost Review,2025-05-20,2025-05-21,3
PS-003075,APP-2025-0680,Final Assessment,2025-05-21,2025-05-22,4
PS-003076,APP-2025-0680,Decision,2025-05-22,2025-05-23,5
PS-003077,APP-2025-0681,Initial Screening,2025-05-04,2025-05-06,1
PS-003078,APP-2025-0681,Technical Review,2025-05-06,2025-05-17,2
PS-003079,APP-2025-0681,Financial / Cost Review,2025-05-17,2025-05-19,3
PS-003080,APP-2025-0681,Final Assessment,2025-05-19,2025-05-27,4
PS-003081,APP-2025-0681,Decision,2025-05-27,2025-05-28,5
PS-003082,APP-2025-0682,Initial Screening,2025-06-19,2025-06-25,1
PS-003083,APP-2025-0682,Technical Review,2025-06-25,2025-07-03,2
PS-003084,APP-2025-0682,Financial / Cost Review,2025-07-03,2025-07-05,3
PS-003085,APP-2025-0682,Final Assessment,2025-07-05,2025-07-14,4
PS-003086,APP-2025-0682,Decision,2025-07-14,2025-07-16,5
PS-003087,APP-2025-0683,Initial Screening,2025-10-02,2025-10-03,1
PS-003088,APP-2025-0683,Technical Review,2025-10-03,2025-10-05,2
PS-003089,APP-2025-0683,Financial / Cost Review,2025-10-05,2025-10-10,3
PS-003090,APP-2025-0683,Final Assessment,2025-10-10,2025-10-15,4
PS-003091,APP-2025-0683,Decision,2025-10-15,2025-10-18,5
PS-003092,APP-2025-0684,Initial Screening,2025-05-08,2025-05-12,1
PS-003093,APP-2025-0684,Technical Review,2025-05-12,2025-05-26,2
PS-003094,APP-2025-0684,Financial / Cost Review,2025-05-26,2025-05-27,3
PS-003095,APP-2025-0684,Final Assessment,2025-05-27,2025-05-30,4
PS-003096,APP-2025-0684,Decision,2025-05-30,2025-06-02,5
PS-003097,APP-2025-0685,Initial Screening,2025-07-29,2025-08-02,1
PS-003098,APP-2025-0685,Technical Review,2025-08-02,2025-08-14,2
PS-003099,APP-2025-0685,Financial / Cost Review,2025-08-14,2025-08-15,3
PS-003100,APP-2025-0685,Final Assessment,2025-08-15,2025-08-17,4
PS-003101,APP-2025-0685,Decision,2025-08-17,2025-08-18,5
PS-003102,APP-2025-0686,Initial Screening,2025-10-25,2025-10-29,1
PS-003103,APP-2025-0686,Technical Review,2025-10-29,2025-11-18,2
PS-003104,APP-2025-0686,Financial / Cost Review,2025-11-18,2025-11-20,3
PS-003105,APP-2025-0686,Final Assessment,2025-11-20,2025-11-21,4
PS-003106,APP-2025-0686,Decision,2025-11-21,2025-11-27,5
PS-003107,APP-2025-0687,Initial Screening,2025-10-21,2025-10-23,1
PS-003108,APP-2025-0687,Technical Review,2025-10-23,2025-10-26,2
PS-003109,APP-2025-0687,Financial / Cost Review,2025-10-26,2025-11-05,3
PS-003110,APP-2025-0687,Final Assessment,2025-11-05,2025-11-11,4
PS-003111,APP-2025-0687,Decision,2025-11-11,2025-11-12,5
PS-003112,APP-2025-0688,Initial Screening,2025-07-01,,1
PS-003113,APP-2025-0689,Initial Screening,2025-03-16,2025-03-17,1
PS-003114,APP-2025-0689,Technical Review,2025-03-17,2025-03-20,2
PS-003115,APP-2025-0689,Financial / Cost Review,2025-03-20,2025-03-23,3
PS-003116,APP-2025-0689,Final Assessment,2025-03-23,2025-03-24,4
PS-003117,APP-2025-0689,Decision,2025-03-24,2025-03-26,5
PS-003118,APP-2025-0690,Initial Screening,2025-06-05,2025-06-06,1
PS-003119,APP-2025-0690,Technical Review,2025-06-06,2025-06-12,2
PS-003120,APP-2025-0690,Financial / Cost Review,2025-06-12,2025-06-22,3
PS-003121,APP-2025-0690,Final Assessment,2025-06-22,2025-06-25,4
PS-003122,APP-2025-0690,Decision,2025-06-25,2025-06-27,5
PS-003123,APP-2025-0691,Initial Screening,2025-06-17,2025-06-20,1
PS-003124,APP-2025-0691,Technical Review,2025-06-20,2025-07-08,2
PS-003125,APP-2025-0691,Financial / Cost Review,2025-07-08,2025-07-13,3
PS-003126,APP-2025-0691,Final Assessment,2025-07-13,2025-07-14,4
PS-003127,APP-2025-0691,Decision,2025-07-14,2025-07-18,5
PS-003128,APP-2025-0692,Initial Screening,2025-02-12,2025-02-13,1
PS-003129,APP-2025-0692,Technical Review,2025-02-13,2025-02-17,2
PS-003130,APP-2025-0692,Financial / Cost Review,2025-02-17,2025-02-19,3
PS-003131,APP-2025-0692,Final Assessment,2025-02-19,2025-02-20,4
PS-003132,APP-2025-0692,Decision,2025-02-20,2025-02-26,5
PS-003133,APP-2025-0693,Initial Screening,2025-12-21,2025-12-23,1
PS-003134,APP-2025-0693,Technical Review,2025-12-23,,2
PS-003135,APP-2025-0694,Initial Screening,2025-07-29,2025-08-03,1
PS-003136,APP-2025-0694,Technical Review,2025-08-03,2025-08-07,2
PS-003137,APP-2025-0694,Financial / Cost Review,2025-08-07,2025-08-09,3
PS-003138,APP-2025-0694,Final Assessment,2025-08-09,2025-08-13,4
PS-003139,APP-2025-0694,Decision,2025-08-13,2025-08-15,5
PS-003140,APP-2025-0695,Initial Screening,2025-12-21,2025-12-24,1
PS-003141,APP-2025-0695,Technical Review,2025-12-24,2026-01-03,2
PS-003142,APP-2025-0695,Financial / Cost Review,2026-01-03,2026-01-07,3
PS-003143,APP-2025-0695,Final Assessment,2026-01-07,2026-01-15,4
PS-003144,APP-2025-0695,Decision,2026-01-15,2026-01-18,5
PS-003145,APP-2025-0696,Initial Screening,2025-09-16,2025-09-20,1
PS-003146,APP-2025-0696,Technical Review,2025-09-20,2025-09-26,2
PS-003147,APP-2025-0696,Financial / Cost Review,2025-09-26,2025-09-27,3
PS-003148,APP-2025-0696,Final Assessment,2025-09-27,2025-10-01,4
PS-003149,APP-2025-0696,Decision,2025-10-01,2025-10-02,5
PS-003150,APP-2025-0697,Initial Screening,2025-07-26,2025-07-27,1
PS-003151,APP-2025-0697,Technical Review,2025-07-27,2025-07-29,2
PS-003152,APP-2025-0697,Financial / Cost Review,2025-07-29,2025-08-02,3
PS-003153,APP-2025-0697,Final Assessment,2025-08-02,2025-08-12,4
PS-003154,APP-2025-0697,Decision,2025-08-12,2025-08-18,5
PS-003155,APP-2025-0698,Initial Screening,2025-02-25,2025-03-02,1
PS-003156,APP-2025-0698,Technical Review,2025-03-02,2025-03-11,2
PS-003157,APP-2025-0698,Financial / Cost Review,2025-03-11,2025-03-13,3
PS-003158,APP-2025-0698,Final Assessment,2025-03-13,2025-03-15,4
PS-003159,APP-2025-0698,Decision,2025-03-15,2025-03-16,5
PS-003160,APP-2025-0699,Initial Screening,2025-04-08,2025-04-09,1
PS-003161,APP-2025-0699,Technical Review,2025-04-09,2025-04-10,2
PS-003162,APP-2025-0699,Financial / Cost Review,2025-04-10,2025-04-16,3
PS-003163,APP-2025-0699,Final Assessment,2025-04-16,2025-04-20,4
PS-003164,APP-2025-0699,Decision,2025-04-20,2025-04-22,5
PS-003165,APP-2025-0700,Initial Screening,2025-01-30,2025-02-01,1
PS-003166,APP-2025-0700,Technical Review,2025-02-01,2025-02-06,2
PS-003167,APP-2025-0700,Financial / Cost Review,2025-02-06,2025-02-17,3
PS-003168,APP-2025-0700,Final Assessment,2025-02-17,2025-02-20,4
PS-003169,APP-2025-0700,Decision,2025-02-20,2025-02-21,5
PS-003170,APP-2025-0701,Initial Screening,2025-04-19,2025-04-20,1
PS-003171,APP-2025-0701,Technical Review,2025-04-20,2025-04-28,2
PS-003172,APP-2025-0701,Financial / Cost Review,2025-04-28,2025-05-04,3
PS-003173,APP-2025-0701,Final Assessment,2025-05-04,2025-05-07,4
PS-003174,APP-2025-0701,Decision,2025-05-07,2025-05-08,5
PS-003175,APP-2025-0702,Initial Screening,2025-05-24,2025-05-27,1
PS-003176,APP-2025-0702,Technical Review,2025-05-27,,2
PS-003177,APP-2025-0703,Initial Screening,2025-01-05,2025-01-08,1
PS-003178,APP-2025-0703,Technical Review,2025-01-08,2025-02-03,2
PS-003179,APP-2025-0703,Financial / Cost Review,2025-02-03,,3
PS-003180,APP-2025-0704,Initial Screening,2025-01-13,2025-01-19,1
PS-003181,APP-2025-0704,Technical Review,2025-01-19,2025-01-29,2
PS-003182,APP-2025-0704,Financial / Cost Review,2025-01-29,,3
PS-003183,APP-2025-0705,Initial Screening,2025-12-17,2025-12-20,1
PS-003184,APP-2025-0705,Technical Review,2025-12-20,2025-12-26,2
PS-003185,APP-2025-0705,Financial / Cost Review,2025-12-26,2025-12-28,3
PS-003186,APP-2025-0705,Final Assessment,2025-12-28,2025-12-30,4
PS-003187,APP-2025-0705,Decision,2025-12-30,2026-01-02,5
PS-003188,APP-2025-0706,Initial Screening,2025-07-30,2025-08-02,1
PS-003189,APP-2025-0706,Technical Review,2025-08-02,2025-08-11,2
PS-003190,APP-2025-0706,Financial / Cost Review,2025-08-11,2025-08-13,3
PS-003191,APP-2025-0706,Final Assessment,2025-08-13,2025-08-14,4
PS-003192,APP-2025-0706,Decision,2025-08-14,2025-08-15,5
PS-003193,APP-2025-0707,Initial Screening,2025-09-13,2025-09-15,1
PS-003194,APP-2025-0707,Technical Review,2025-09-15,2025-09-17,2
PS-003195,APP-2025-0707,Financial / Cost Review,2025-09-17,2025-09-22,3
PS-003196,APP-2025-0707,Final Assessment,2025-09-22,2025-09-23,4
PS-003197,APP-2025-0707,Decision,2025-09-23,2025-09-28,5
PS-003198,APP-2025-0708,Initial Screening,2025-08-26,2025-08-28,1
PS-003199,APP-2025-0708,Technical Review,2025-08-28,2025-09-02,2
PS-003200,APP-2025-0708,Financial / Cost Review,2025-09-02,2025-09-06,3
PS-003201,APP-2025-0708,Final Assessment,2025-09-06,2025-09-09,4
PS-003202,APP-2025-0708,Decision,2025-09-09,2025-09-10,5
PS-003203,APP-2025-0709,Initial Screening,2025-11-06,2025-11-10,1
PS-003204,APP-2025-0709,Technical Review,2025-11-10,2025-11-15,2
PS-003205,APP-2025-0709,Financial / Cost Review,2025-11-15,2025-11-24,3
PS-003206,APP-2025-0709,Final Assessment,2025-11-24,2025-11-26,4
PS-003207,APP-2025-0709,Decision,2025-11-26,2025-11-27,5
PS-003208,APP-2025-0710,Initial Screening,2025-04-08,2025-04-10,1
PS-003209,APP-2025-0710,Technical Review,2025-04-10,2025-04-14,2
PS-003210,APP-2025-0710,Financial / Cost Review,2025-04-14,2025-04-18,3
PS-003211,APP-2025-0710,Final Assessment,2025-04-18,2025-04-19,4
PS-003212,APP-2025-0710,Decision,2025-04-19,2025-04-22,5
PS-003213,APP-2025-0711,Initial Screening,2025-09-03,2025-09-07,1
PS-003214,APP-2025-0711,Technical Review,2025-09-07,2025-09-21,2
PS-003215,APP-2025-0711,Financial / Cost Review,2025-09-21,2025-09-28,3
PS-003216,APP-2025-0711,Final Assessment,2025-09-28,2025-09-30,4
PS-003217,APP-2025-0711,Decision,2025-09-30,2025-10-02,5
PS-003218,APP-2025-0712,Initial Screening,2025-09-29,,1
PS-003219,APP-2025-0713,Initial Screening,2025-12-10,2025-12-11,1
PS-003220,APP-2025-0713,Technical Review,2025-12-11,2025-12-12,2
PS-003221,APP-2025-0713,Financial / Cost Review,2025-12-12,2025-12-18,3
PS-003222,APP-2025-0713,Final Assessment,2025-12-18,2025-12-19,4
PS-003223,APP-2025-0713,Decision,2025-12-19,2025-12-20,5
PS-003224,APP-2025-0714,Initial Screening,2025-05-02,2025-05-04,1
PS-003225,APP-2025-0714,Technical Review,2025-05-04,2025-05-07,2
PS-003226,APP-2025-0714,Financial / Cost Review,2025-05-07,2025-05-12,3
PS-003227,APP-2025-0714,Final Assessment,2025-05-12,2025-05-14,4
PS-003228,APP-2025-0714,Decision,2025-05-14,2025-05-17,5
PS-003229,APP-2025-0715,Initial Screening,2025-07-09,2025-07-12,1
PS-003230,APP-2025-0715,Technical Review,2025-07-12,2025-07-14,2
PS-003231,APP-2025-0715,Financial / Cost Review,2025-07-14,2025-07-15,3
PS-003232,APP-2025-0715,Final Assessment,2025-07-15,2025-07-20,4
PS-003233,APP-2025-0715,Decision,2025-07-20,2025-07-22,5
PS-003234,APP-2025-0716,Initial Screening,2025-11-04,2025-11-06,1
PS-003235,APP-2025-0716,Technical Review,2025-11-06,2025-11-16,2
PS-003236,APP-2025-0716,Financial / Cost Review,2025-11-16,2025-11-22,3
PS-003237,APP-2025-0716,Final Assessment,2025-11-22,2025-11-30,4
PS-003238,APP-2025-0716,Decision,2025-11-30,2025-12-02,5
PS-003239,APP-2025-0717,Initial Screening,2025-03-29,2025-03-31,1
PS-003240,APP-2025-0717,Technical Review,2025-03-31,2025-04-03,2
PS-003241,APP-2025-0717,Financial / Cost Review,2025-04-03,2025-04-06,3
PS-003242,APP-2025-0717,Final Assessment,2025-04-06,2025-04-16,4
PS-003243,APP-2025-0717,Decision,2025-04-16,2025-04-17,5
PS-003244,APP-2025-0718,Initial Screening,2025-11-18,2025-11-20,1
PS-003245,APP-2025-0718,Technical Review,2025-11-20,2025-11-25,2
PS-003246,APP-2025-0718,Financial / Cost Review,2025-11-25,2025-12-03,3
PS-003247,APP-2025-0718,Final Assessment,2025-12-03,,4
PS-003248,APP-2025-0719,Initial Screening,2025-04-10,2025-04-15,1
PS-003249,APP-2025-0719,Technical Review,2025-04-15,2025-04-18,2
PS-003250,APP-2025-0719,Financial / Cost Review,2025-04-18,2025-04-24,3
PS-003251,APP-2025-0719,Final Assessment,2025-04-24,2025-04-27,4
PS-003252,APP-2025-0719,Decision,2025-04-27,2025-04-29,5
PS-003253,APP-2025-0720,Initial Screening,2025-02-18,2025-02-19,1
PS-003254,APP-2025-0720,Technical Review,2025-02-19,2025-02-25,2
PS-003255,APP-2025-0720,Financial / Cost Review,2025-02-25,2025-03-02,3
PS-003256,APP-2025-0720,Final Assessment,2025-03-02,2025-03-07,4
PS-003257,APP-2025-0720,Decision,2025-03-07,2025-03-08,5
PS-003258,APP-2025-0721,Initial Screening,2025-08-02,2025-08-07,1
PS-003259,APP-2025-0721,Technical Review,2025-08-07,2025-08-27,2
PS-003260,APP-2025-0721,Financial / Cost Review,2025-08-27,2025-09-05,3
PS-003261,APP-2025-0721,Final Assessment,2025-09-05,2025-09-08,4
PS-003262,APP-2025-0721,Decision,2025-09-08,2025-09-09,5
PS-003263,APP-2025-0722,Initial Screening,2025-07-18,2025-07-20,1
PS-003264,APP-2025-0722,Technical Review,2025-07-20,2025-07-30,2
PS-003265,APP-2025-0722,Financial / Cost Review,2025-07-30,2025-08-01,3
PS-003266,APP-2025-0722,Final Assessment,2025-08-01,2025-08-06,4
PS-003267,APP-2025-0722,Decision,2025-08-06,2025-08-07,5
PS-003268,APP-2025-0723,Initial Screening,2025-04-16,2025-04-20,1
PS-003269,APP-2025-0723,Technical Review,2025-04-20,2025-05-07,2
PS-003270,APP-2025-0723,Financial / Cost Review,2025-05-07,2025-05-16,3
PS-003271,APP-2025-0723,Final Assessment,2025-05-16,2025-05-20,4
PS-003272,APP-2025-0723,Decision,2025-05-20,2025-05-22,5
PS-003273,APP-2025-0724,Initial Screening,2025-02-20,2025-02-21,1
PS-003274,APP-2025-0724,Technical Review,2025-02-21,2025-02-28,2
PS-003275,APP-2025-0724,Financial / Cost Review,2025-02-28,2025-03-06,3
PS-003276,APP-2025-0724,Final Assessment,2025-03-06,2025-03-09,4
PS-003277,APP-2025-0724,Decision,2025-03-09,2025-03-10,5
PS-003278,APP-2025-0725,Initial Screening,2025-05-21,2025-05-24,1
PS-003279,APP-2025-0725,Technical Review,2025-05-24,2025-06-02,2
PS-003280,APP-2025-0725,Financial / Cost Review,2025-06-02,2025-06-05,3
PS-003281,APP-2025-0725,Final Assessment,2025-06-05,2025-06-06,4
PS-003282,APP-2025-0725,Decision,2025-06-06,2025-06-09,5
PS-003283,APP-2025-0726,Initial Screening,2025-06-03,2025-06-07,1
PS-003284,APP-2025-0726,Technical Review,2025-06-07,,2
PS-003285,APP-2025-0727,Initial Screening,2025-07-14,2025-07-17,1
PS-003286,APP-2025-0727,Technical Review,2025-07-17,2025-07-28,2
PS-003287,APP-2025-0727,Financial / Cost Review,2025-07-28,2025-08-02,3
PS-003288,APP-2025-0727,Final Assessment,2025-08-02,2025-08-06,4
PS-003289,APP-2025-0727,Decision,2025-08-06,2025-08-10,5
PS-003290,APP-2025-0728,Initial Screening,2025-10-19,2025-10-21,1
PS-003291,APP-2025-0728,Technical Review,2025-10-21,2025-10-23,2
PS-003292,APP-2025-0728,Financial / Cost Review,2025-10-23,2025-10-25,3
PS-003293,APP-2025-0728,Final Assessment,2025-10-25,2025-10-28,4
PS-003294,APP-2025-0728,Decision,2025-10-28,2025-10-30,5
PS-003295,APP-2025-0729,Initial Screening,2025-07-25,2025-07-27,1
PS-003296,APP-2025-0729,Technical Review,2025-07-27,2025-07-31,2
PS-003297,APP-2025-0729,Financial / Cost Review,2025-07-31,2025-08-02,3
PS-003298,APP-2025-0729,Final Assessment,2025-08-02,2025-08-06,4
PS-003299,APP-2025-0729,Decision,2025-08-06,2025-08-09,5
PS-003300,APP-2025-0730,Initial Screening,2025-10-10,2025-10-11,1
PS-003301,APP-2025-0730,Technical Review,2025-10-11,2025-10-16,2
PS-003302,APP-2025-0730,Financial / Cost Review,2025-10-16,2025-10-18,3
PS-003303,APP-2025-0730,Final Assessment,2025-10-18,2025-10-19,4
PS-003304,APP-2025-0730,Decision,2025-10-19,2025-10-21,5
PS-003305,APP-2025-0731,Initial Screening,2025-04-04,2025-04-08,1
PS-003306,APP-2025-0731,Technical Review,2025-04-08,2025-04-21,2
PS-003307,APP-2025-0731,Financial / Cost Review,2025-04-21,2025-04-24,3
PS-003308,APP-2025-0731,Final Assessment,2025-04-24,2025-04-26,4
PS-003309,APP-2025-0731,Decision,2025-04-26,2025-04-28,5
PS-003310,APP-2025-0732,Initial Screening,2025-01-26,2025-01-27,1
PS-003311,APP-2025-0732,Technical Review,2025-01-27,2025-02-15,2
PS-003312,APP-2025-0732,Financial / Cost Review,2025-02-15,2025-02-16,3
PS-003313,APP-2025-0732,Final Assessment,2025-02-16,2025-02-21,4
PS-003314,APP-2025-0732,Decision,2025-02-21,2025-02-23,5
PS-003315,APP-2025-0733,Initial Screening,2025-08-19,2025-08-21,1
PS-003316,APP-2025-0733,Technical Review,2025-08-21,2025-08-29,2
PS-003317,APP-2025-0733,Financial / Cost Review,2025-08-29,2025-09-02,3
PS-003318,APP-2025-0733,Final Assessment,2025-09-02,2025-09-03,4
PS-003319,APP-2025-0733,Decision,2025-09-03,2025-09-04,5
PS-003320,APP-2025-0734,Initial Screening,2025-02-02,2025-02-06,1
PS-003321,APP-2025-0734,Technical Review,2025-02-06,2025-02-16,2
PS-003322,APP-2025-0734,Financial / Cost Review,2025-02-16,2025-02-23,3
PS-003323,APP-2025-0734,Final Assessment,2025-02-23,,4
PS-003324,APP-2025-0735,Initial Screening,2025-12-28,2026-01-07,1
PS-003325,APP-2025-0735,Technical Review,2026-01-07,2026-01-09,2
PS-003326,APP-2025-0735,Financial / Cost Review,2026-01-09,2026-01-12,3
PS-003327,APP-2025-0735,Final Assessment,2026-01-12,2026-01-14,4
PS-003328,APP-2025-0735,Decision,2026-01-14,2026-01-15,5
PS-003329,APP-2025-0736,Initial Screening,2025-05-28,2025-05-29,1
PS-003330,APP-2025-0736,Technical Review,2025-05-29,2025-05-31,2
PS-003331,APP-2025-0736,Financial / Cost Review,2025-05-31,2025-06-08,3
PS-003332,APP-2025-0736,Final Assessment,2025-06-08,2025-06-09,4
PS-003333,APP-2025-0736,Decision,2025-06-09,2025-06-11,5
PS-003334,APP-2025-0737,Initial Screening,2025-05-10,2025-05-12,1
PS-003335,APP-2025-0737,Technical Review,2025-05-12,2025-05-18,2
PS-003336,APP-2025-0737,Financial / Cost Review,2025-05-18,2025-05-21,3
PS-003337,APP-2025-0737,Final Assessment,2025-05-21,2025-05-30,4
PS-003338,APP-2025-0737,Decision,2025-05-30,2025-06-01,5
PS-003339,APP-2025-0738,Initial Screening,2025-02-17,2025-02-18,1
PS-003340,APP-2025-0738,Technical Review,2025-02-18,2025-02-26,2
PS-003341,APP-2025-0738,Financial / Cost Review,2025-02-26,2025-03-02,3
PS-003342,APP-2025-0738,Final Assessment,2025-03-02,2025-03-08,4
PS-003343,APP-2025-0738,Decision,2025-03-08,2025-03-10,5
PS-003344,APP-2025-0739,Initial Screening,2025-03-09,2025-03-13,1
PS-003345,APP-2025-0739,Technical Review,2025-03-13,2025-03-19,2
PS-003346,APP-2025-0739,Financial / Cost Review,2025-03-19,2025-04-08,3
PS-003347,APP-2025-0739,Final Assessment,2025-04-08,2025-04-10,4
PS-003348,APP-2025-0739,Decision,2025-04-10,2025-04-11,5
PS-003349,APP-2025-0740,Initial Screening,2025-08-31,2025-09-02,1
PS-003350,APP-2025-0740,Technical Review,2025-09-02,2025-09-08,2
PS-003351,APP-2025-0740,Financial / Cost Review,2025-09-08,2025-09-12,3
PS-003352,APP-2025-0740,Final Assessment,2025-09-12,2025-09-13,4
PS-003353,APP-2025-0740,Decision,2025-09-13,2025-09-18,5
PS-003354,APP-2025-0741,Initial Screening,2025-11-21,2025-11-24,1
PS-003355,APP-2025-0741,Technical Review,2025-11-24,2025-12-02,2
PS-003356,APP-2025-0741,Financial / Cost Review,2025-12-02,2025-12-03,3
PS-003357,APP-2025-0741,Final Assessment,2025-12-03,2025-12-04,4
PS-003358,APP-2025-0741,Decision,2025-12-04,2025-12-07,5
PS-003359,APP-2025-0742,Initial Screening,2025-01-31,2025-02-02,1
PS-003360,APP-2025-0742,Technical Review,2025-02-02,2025-02-04,2
PS-003361,APP-2025-0742,Financial / Cost Review,2025-02-04,2025-02-05,3
PS-003362,APP-2025-0742,Final Assessment,2025-02-05,,4
PS-003363,APP-2025-0743,Initial Screening,2025-11-21,2025-11-22,1
PS-003364,APP-2025-0743,Technical Review,2025-11-22,2025-11-30,2
PS-003365,APP-2025-0743,Financial / Cost Review,2025-11-30,,3
PS-003366,APP-2025-0744,Initial Screening,2025-06-06,2025-06-13,1
PS-003367,APP-2025-0744,Technical Review,2025-06-13,2025-06-22,2
PS-003368,APP-2025-0744,Financial / Cost Review,2025-06-22,,3
PS-003369,APP-2025-0745,Initial Screening,2025-04-23,2025-04-30,1
PS-003370,APP-2025-0745,Technical Review,2025-04-30,2025-05-11,2
PS-003371,APP-2025-0745,Financial / Cost Review,2025-05-11,2025-05-17,3
PS-003372,APP-2025-0745,Final Assessment,2025-05-17,2025-05-20,4
PS-003373,APP-2025-0745,Decision,2025-05-20,2025-05-21,5
PS-003374,APP-2025-0746,Initial Screening,2025-07-19,2025-07-20,1
PS-003375,APP-2025-0746,Technical Review,2025-07-20,2025-07-23,2
PS-003376,APP-2025-0746,Financial / Cost Review,2025-07-23,2025-07-27,3
PS-003377,APP-2025-0746,Final Assessment,2025-07-27,2025-07-29,4
PS-003378,APP-2025-0746,Decision,2025-07-29,2025-08-01,5
PS-003379,APP-2025-0747,Initial Screening,2025-05-27,2025-05-31,1
PS-003380,APP-2025-0747,Technical Review,2025-05-31,2025-06-07,2
PS-003381,APP-2025-0747,Financial / Cost Review,2025-06-07,2025-06-10,3
PS-003382,APP-2025-0747,Final Assessment,2025-06-10,2025-06-12,4
PS-003383,APP-2025-0747,Decision,2025-06-12,2025-06-13,5
PS-003384,APP-2025-0748,Initial Screening,2025-09-24,2025-09-26,1
PS-003385,APP-2025-0748,Technical Review,2025-09-26,2025-09-30,2
PS-003386,APP-2025-0748,Financial / Cost Review,2025-09-30,2025-10-02,3
PS-003387,APP-2025-0748,Final Assessment,2025-10-02,2025-10-05,4
PS-003388,APP-2025-0748,Decision,2025-10-05,2025-10-07,5
PS-003389,APP-2025-0749,Initial Screening,2025-07-26,2025-07-27,1
PS-003390,APP-2025-0749,Technical Review,2025-07-27,2025-08-03,2
PS-003391,APP-2025-0749,Financial / Cost Review,2025-08-03,2025-08-04,3
PS-003392,APP-2025-0749,Final Assessment,2025-08-04,2025-08-07,4
PS-003393,APP-2025-0749,Decision,2025-08-07,2025-08-09,5
PS-003394,APP-2025-0750,Initial Screening,2025-01-24,2025-01-25,1
PS-003395,APP-2025-0750,Technical Review,2025-01-25,2025-01-27,2
PS-003396,APP-2025-0750,Financial / Cost Review,2025-01-27,2025-01-28,3
PS-003397,APP-2025-0750,Final Assessment,2025-01-28,2025-01-29,4
PS-003398,APP-2025-0750,Decision,2025-01-29,2025-01-30,5
PS-003399,APP-2025-0751,Initial Screening,2025-03-13,2025-03-14,1
PS-003400,APP-2025-0751,Technical Review,2025-03-14,2025-03-21,2
PS-003401,APP-2025-0751,Financial / Cost Review,2025-03-21,2025-03-25,3
PS-003402,APP-2025-0751,Final Assessment,2025-03-25,2025-03-27,4
PS-003403,APP-2025-0751,Decision,2025-03-27,2025-03-30,5
PS-003404,APP-2025-0752,Initial Screening,2025-03-19,2025-03-20,1
PS-003405,APP-2025-0752,Technical Review,2025-03-20,,2
PS-003406,APP-2025-0753,Initial Screening,2025-06-25,2025-06-26,1
PS-003407,APP-2025-0753,Technical Review,2025-06-26,2025-07-03,2
PS-003408,APP-2025-0753,Financial / Cost Review,2025-07-03,2025-07-07,3
PS-003409,APP-2025-0753,Final Assessment,2025-07-07,2025-07-12,4
PS-003410,APP-2025-0753,Decision,2025-07-12,2025-07-13,5
PS-003411,APP-2025-0754,Initial Screening,2025-05-05,2025-05-08,1
PS-003412,APP-2025-0754,Technical Review,2025-05-08,2025-05-22,2
PS-003413,APP-2025-0754,Financial / Cost Review,2025-05-22,2025-05-29,3
PS-003414,APP-2025-0754,Final Assessment,2025-05-29,2025-05-30,4
PS-003415,APP-2025-0754,Decision,2025-05-30,2025-06-01,5
PS-003416,APP-2025-0755,Initial Screening,2025-02-07,2025-02-12,1
PS-003417,APP-2025-0755,Technical Review,2025-02-12,2025-02-23,2
PS-003418,APP-2025-0755,Financial / Cost Review,2025-02-23,2025-02-28,3
PS-003419,APP-2025-0755,Final Assessment,2025-02-28,2025-03-08,4
PS-003420,APP-2025-0755,Decision,2025-03-08,2025-03-12,5
PS-003421,APP-2025-0756,Initial Screening,2025-05-08,2025-05-10,1
PS-003422,APP-2025-0756,Technical Review,2025-05-10,2025-05-13,2
PS-003423,APP-2025-0756,Financial / Cost Review,2025-05-13,2025-05-14,3
PS-003424,APP-2025-0756,Final Assessment,2025-05-14,2025-05-21,4
PS-003425,APP-2025-0756,Decision,2025-05-21,2025-05-25,5
PS-003426,APP-2025-0757,Initial Screening,2025-01-10,2025-01-13,1
PS-003427,APP-2025-0757,Technical Review,2025-01-13,2025-02-05,2
PS-003428,APP-2025-0757,Financial / Cost Review,2025-02-05,2025-02-13,3
PS-003429,APP-2025-0757,Final Assessment,2025-02-13,2025-02-17,4
PS-003430,APP-2025-0757,Decision,2025-02-17,2025-02-18,5
PS-003431,APP-2025-0758,Initial Screening,2025-11-25,2025-11-26,1
PS-003432,APP-2025-0758,Technical Review,2025-11-26,,2
PS-003433,APP-2025-0759,Initial Screening,2025-06-11,2025-06-15,1
PS-003434,APP-2025-0759,Technical Review,2025-06-15,2025-07-02,2
PS-003435,APP-2025-0759,Financial / Cost Review,2025-07-02,2025-07-08,3
PS-003436,APP-2025-0759,Final Assessment,2025-07-08,,4
PS-003437,APP-2025-0760,Initial Screening,2025-03-07,2025-03-08,1
PS-003438,APP-2025-0760,Technical Review,2025-03-08,2025-03-18,2
PS-003439,APP-2025-0760,Financial / Cost Review,2025-03-18,2025-03-20,3
PS-003440,APP-2025-0760,Final Assessment,2025-03-20,2025-03-22,4
PS-003441,APP-2025-0760,Decision,2025-03-22,2025-03-23,5
PS-003442,APP-2025-0761,Initial Screening,2025-06-14,2025-06-15,1
PS-003443,APP-2025-0761,Technical Review,2025-06-15,2025-06-19,2
PS-003444,APP-2025-0761,Financial / Cost Review,2025-06-19,2025-06-21,3
PS-003445,APP-2025-0761,Final Assessment,2025-06-21,2025-06-25,4
PS-003446,APP-2025-0761,Decision,2025-06-25,2025-06-27,5
PS-003447,APP-2025-0762,Initial Screening,2025-02-16,2025-02-19,1
PS-003448,APP-2025-0762,Technical Review,2025-02-19,2025-02-27,2
PS-003449,APP-2025-0762,Financial / Cost Review,2025-02-27,2025-02-28,3
PS-003450,APP-2025-0762,Final Assessment,2025-02-28,2025-03-03,4
PS-003451,APP-2025-0762,Decision,2025-03-03,2025-03-04,5
PS-003452,APP-2025-0763,Initial Screening,2025-08-25,2025-08-31,1
PS-003453,APP-2025-0763,Technical Review,2025-08-31,2025-09-06,2
PS-003454,APP-2025-0763,Financial / Cost Review,2025-09-06,2025-09-08,3
PS-003455,APP-2025-0763,Final Assessment,2025-09-08,2025-09-14,4
PS-003456,APP-2025-0763,Decision,2025-09-14,2025-09-16,5
PS-003457,APP-2025-0764,Initial Screening,2025-06-15,2025-06-19,1
PS-003458,APP-2025-0764,Technical Review,2025-06-19,2025-06-21,2
PS-003459,APP-2025-0764,Financial / Cost Review,2025-06-21,2025-06-28,3
PS-003460,APP-2025-0764,Final Assessment,2025-06-28,2025-06-30,4
PS-003461,APP-2025-0764,Decision,2025-06-30,2025-07-04,5
PS-003462,APP-2025-0765,Initial Screening,2025-07-10,2025-07-13,1
PS-003463,APP-2025-0765,Technical Review,2025-07-13,2025-07-21,2
PS-003464,APP-2025-0765,Financial / Cost Review,2025-07-21,2025-07-28,3
PS-003465,APP-2025-0765,Final Assessment,2025-07-28,2025-08-01,4
PS-003466,APP-2025-0765,Decision,2025-08-01,2025-08-02,5
PS-003467,APP-2025-0766,Initial Screening,2025-10-13,2025-10-16,1
PS-003468,APP-2025-0766,Technical Review,2025-10-16,2025-10-22,2
PS-003469,APP-2025-0766,Financial / Cost Review,2025-10-22,2025-10-29,3
PS-003470,APP-2025-0766,Final Assessment,2025-10-29,2025-11-01,4
PS-003471,APP-2025-0766,Decision,2025-11-01,2025-11-02,5
PS-003472,APP-2025-0767,Initial Screening,2025-10-03,2025-10-07,1
PS-003473,APP-2025-0767,Technical Review,2025-10-07,2025-10-09,2
PS-003474,APP-2025-0767,Financial / Cost Review,2025-10-09,2025-10-18,3
PS-003475,APP-2025-0767,Final Assessment,2025-10-18,2025-10-20,4
PS-003476,APP-2025-0767,Decision,2025-10-20,2025-10-23,5
PS-003477,APP-2025-0768,Initial Screening,2025-08-10,2025-08-11,1
PS-003478,APP-2025-0768,Technical Review,2025-08-11,2025-09-03,2
PS-003479,APP-2025-0768,Financial / Cost Review,2025-09-03,2025-09-13,3
PS-003480,APP-2025-0768,Final Assessment,2025-09-13,2025-09-15,4
PS-003481,APP-2025-0768,Decision,2025-09-15,2025-09-16,5
PS-003482,APP-2025-0769,Initial Screening,2025-10-16,2025-10-22,1
PS-003483,APP-2025-0769,Technical Review,2025-10-22,2025-10-28,2
PS-003484,APP-2025-0769,Financial / Cost Review,2025-10-28,2025-11-07,3
PS-003485,APP-2025-0769,Final Assessment,2025-11-07,2025-11-12,4
PS-003486,APP-2025-0769,Decision,2025-11-12,2025-11-14,5
PS-003487,APP-2025-0770,Initial Screening,2025-08-29,2025-08-30,1
PS-003488,APP-2025-0770,Technical Review,2025-08-30,2025-09-04,2
PS-003489,APP-2025-0770,Financial / Cost Review,2025-09-04,2025-09-06,3
PS-003490,APP-2025-0770,Final Assessment,2025-09-06,2025-09-07,4
PS-003491,APP-2025-0770,Decision,2025-09-07,2025-09-10,5
PS-003492,APP-2025-0771,Initial Screening,2025-03-31,2025-04-02,1
PS-003493,APP-2025-0771,Technical Review,2025-04-02,2025-04-13,2
PS-003494,APP-2025-0771,Financial / Cost Review,2025-04-13,2025-04-17,3
PS-003495,APP-2025-0771,Final Assessment,2025-04-17,2025-04-23,4
PS-003496,APP-2025-0771,Decision,2025-04-23,2025-04-25,5
PS-003497,APP-2025-0772,Initial Screening,2025-08-04,2025-08-07,1
PS-003498,APP-2025-0772,Technical Review,2025-08-07,,2
PS-003499,APP-2025-0773,Initial Screening,2025-03-23,2025-03-28,1
PS-003500,APP-2025-0773,Technical Review,2025-03-28,2025-04-02,2
PS-003501,APP-2025-0773,Financial / Cost Review,2025-04-02,2025-04-08,3
PS-003502,APP-2025-0773,Final Assessment,2025-04-08,2025-04-18,4
PS-003503,APP-2025-0773,Decision,2025-04-18,2025-04-19,5
PS-003504,APP-2025-0774,Initial Screening,2025-07-22,2025-07-25,1
PS-003505,APP-2025-0774,Technical Review,2025-07-25,2025-08-07,2
PS-003506,APP-2025-0774,Financial / Cost Review,2025-08-07,2025-08-11,3
PS-003507,APP-2025-0774,Final Assessment,2025-08-11,2025-08-13,4
PS-003508,APP-2025-0774,Decision,2025-08-13,2025-08-15,5
PS-003509,APP-2025-0775,Initial Screening,2025-01-10,2025-01-14,1
PS-003510,APP-2025-0775,Technical Review,2025-01-14,2025-02-07,2
PS-003511,APP-2025-0775,Financial / Cost Review,2025-02-07,2025-02-12,3
PS-003512,APP-2025-0775,Final Assessment,2025-02-12,2025-02-15,4
PS-003513,APP-2025-0775,Decision,2025-02-15,2025-02-17,5
PS-003514,APP-2025-0776,Initial Screening,2025-10-14,2025-10-15,1
PS-003515,APP-2025-0776,Technical Review,2025-10-15,2025-10-17,2
PS-003516,APP-2025-0776,Financial / Cost Review,2025-10-17,2025-10-20,3
PS-003517,APP-2025-0776,Final Assessment,2025-10-20,2025-10-23,4
PS-003518,APP-2025-0776,Decision,2025-10-23,2025-10-26,5
PS-003519,APP-2025-0777,Initial Screening,2025-06-12,2025-06-14,1
PS-003520,APP-2025-0777,Technical Review,2025-06-14,2025-06-23,2
PS-003521,APP-2025-0777,Financial / Cost Review,2025-06-23,2025-06-29,3
PS-003522,APP-2025-0777,Final Assessment,2025-06-29,2025-07-02,4
PS-003523,APP-2025-0777,Decision,2025-07-02,2025-07-04,5
PS-003524,APP-2025-0778,Initial Screening,2025-08-11,2025-08-21,1
PS-003525,APP-2025-0778,Technical Review,2025-08-21,2025-08-29,2
PS-003526,APP-2025-0778,Financial / Cost Review,2025-08-29,2025-08-30,3
PS-003527,APP-2025-0778,Final Assessment,2025-08-30,2025-09-03,4
PS-003528,APP-2025-0778,Decision,2025-09-03,2025-09-04,5
PS-003529,APP-2025-0779,Initial Screening,2025-04-23,2025-04-25,1
PS-003530,APP-2025-0779,Technical Review,2025-04-25,2025-04-30,2
PS-003531,APP-2025-0779,Financial / Cost Review,2025-04-30,2025-05-03,3
PS-003532,APP-2025-0779,Final Assessment,2025-05-03,2025-05-04,4
PS-003533,APP-2025-0779,Decision,2025-05-04,2025-05-06,5
PS-003534,APP-2025-0780,Initial Screening,2025-01-24,2025-01-26,1
PS-003535,APP-2025-0780,Technical Review,2025-01-26,2025-01-27,2
PS-003536,APP-2025-0780,Financial / Cost Review,2025-01-27,2025-01-31,3
PS-003537,APP-2025-0780,Final Assessment,2025-01-31,2025-02-04,4
PS-003538,APP-2025-0780,Decision,2025-02-04,2025-02-08,5
PS-003539,APP-2025-0781,Initial Screening,2025-08-05,2025-08-11,1
PS-003540,APP-2025-0781,Technical Review,2025-08-11,2025-09-26,2
PS-003541,APP-2025-0781,Financial / Cost Review,2025-09-26,2025-09-29,3
PS-003542,APP-2025-0781,Final Assessment,2025-09-29,2025-10-09,4
PS-003543,APP-2025-0781,Decision,2025-10-09,2025-10-12,5
PS-003544,APP-2025-0782,Initial Screening,2025-02-24,2025-02-27,1
PS-003545,APP-2025-0782,Technical Review,2025-02-27,2025-03-07,2
PS-003546,APP-2025-0782,Financial / Cost Review,2025-03-07,2025-03-13,3
PS-003547,APP-2025-0782,Final Assessment,2025-03-13,2025-03-15,4
PS-003548,APP-2025-0782,Decision,2025-03-15,2025-03-18,5
PS-003549,APP-2025-0783,Initial Screening,2025-07-03,2025-07-05,1
PS-003550,APP-2025-0783,Technical Review,2025-07-05,2025-07-13,2
PS-003551,APP-2025-0783,Financial / Cost Review,2025-07-13,2025-07-15,3
PS-003552,APP-2025-0783,Final Assessment,2025-07-15,2025-07-16,4
PS-003553,APP-2025-0783,Decision,2025-07-16,2025-07-18,5
PS-003554,APP-2025-0784,Initial Screening,2025-06-23,2025-06-24,1
PS-003555,APP-2025-0784,Technical Review,2025-06-24,,2
PS-003556,APP-2025-0785,Initial Screening,2025-02-28,2025-03-01,1
PS-003557,APP-2025-0785,Technical Review,2025-03-01,2025-03-04,2
PS-003558,APP-2025-0785,Financial / Cost Review,2025-03-04,2025-03-10,3
PS-003559,APP-2025-0785,Final Assessment,2025-03-10,2025-03-16,4
PS-003560,APP-2025-0785,Decision,2025-03-16,2025-03-17,5
PS-003561,APP-2025-0786,Initial Screening,2025-06-01,2025-06-04,1
PS-003562,APP-2025-0786,Technical Review,2025-06-04,2025-06-05,2
PS-003563,APP-2025-0786,Financial / Cost Review,2025-06-05,2025-06-12,3
PS-003564,APP-2025-0786,Final Assessment,2025-06-12,2025-06-13,4
PS-003565,APP-2025-0786,Decision,2025-06-13,2025-06-18,5
PS-003566,APP-2025-0787,Initial Screening,2025-06-01,2025-06-02,1
PS-003567,APP-2025-0787,Technical Review,2025-06-02,2025-06-12,2
PS-003568,APP-2025-0787,Financial / Cost Review,2025-06-12,2025-06-15,3
PS-003569,APP-2025-0787,Final Assessment,2025-06-15,2025-06-21,4
PS-003570,APP-2025-0787,Decision,2025-06-21,2025-06-22,5
PS-003571,APP-2025-0788,Initial Screening,2025-08-17,2025-08-22,1
PS-003572,APP-2025-0788,Technical Review,2025-08-22,2025-08-24,2
PS-003573,APP-2025-0788,Financial / Cost Review,2025-08-24,2025-08-25,3
PS-003574,APP-2025-0788,Final Assessment,2025-08-25,2025-08-28,4
PS-003575,APP-2025-0788,Decision,2025-08-28,2025-08-31,5
PS-003576,APP-2025-0789,Initial Screening,2025-03-08,,1
PS-003577,APP-2025-0790,Initial Screening,2025-07-24,2025-07-28,1
PS-003578,APP-2025-0790,Technical Review,2025-07-28,2025-08-05,2
PS-003579,APP-2025-0790,Financial / Cost Review,2025-08-05,2025-08-11,3
PS-003580,APP-2025-0790,Final Assessment,2025-08-11,2025-08-14,4
PS-003581,APP-2025-0790,Decision,2025-08-14,2025-08-15,5
PS-003582,APP-2025-0791,Initial Screening,2025-07-05,2025-07-09,1
PS-003583,APP-2025-0791,Technical Review,2025-07-09,2025-07-14,2
PS-003584,APP-2025-0791,Financial / Cost Review,2025-07-14,2025-07-21,3
PS-003585,APP-2025-0791,Final Assessment,2025-07-21,2025-07-27,4
PS-003586,APP-2025-0791,Decision,2025-07-27,2025-07-29,5
PS-003587,APP-2025-0792,Initial Screening,2025-05-12,,1
PS-003588,APP-2025-0793,Initial Screening,2025-06-24,2025-06-25,1
PS-003589,APP-2025-0793,Technical Review,2025-06-25,2025-06-28,2
PS-003590,APP-2025-0793,Financial / Cost Review,2025-06-28,2025-07-11,3
PS-003591,APP-2025-0793,Final Assessment,2025-07-11,2025-07-12,4
PS-003592,APP-2025-0793,Decision,2025-07-12,2025-07-17,5
PS-003593,APP-2025-0794,Initial Screening,2025-07-27,2025-08-05,1
PS-003594,APP-2025-0794,Technical Review,2025-08-05,2025-08-27,2
PS-003595,APP-2025-0794,Financial / Cost Review,2025-08-27,2025-09-01,3
PS-003596,APP-2025-0794,Final Assessment,2025-09-01,2025-09-07,4
PS-003597,APP-2025-0794,Decision,2025-09-07,2025-09-09,5
PS-003598,APP-2025-0795,Initial Screening,2025-06-30,2025-07-01,1
PS-003599,APP-2025-0795,Technical Review,2025-07-01,2025-07-06,2
PS-003600,APP-2025-0795,Financial / Cost Review,2025-07-06,2025-07-09,3
PS-003601,APP-2025-0795,Final Assessment,2025-07-09,2025-07-10,4
PS-003602,APP-2025-0795,Decision,2025-07-10,2025-07-12,5
PS-003603,APP-2025-0796,Initial Screening,2025-04-10,2025-04-11,1
PS-003604,APP-2025-0796,Technical Review,2025-04-11,2025-04-16,2
PS-003605,APP-2025-0796,Financial / Cost Review,2025-04-16,2025-04-21,3
PS-003606,APP-2025-0796,Final Assessment,2025-04-21,2025-04-22,4
PS-003607,APP-2025-0796,Decision,2025-04-22,2025-04-25,5
PS-003608,APP-2025-0797,Initial Screening,2025-10-13,2025-10-14,1
PS-003609,APP-2025-0797,Technical Review,2025-10-14,2025-10-21,2
PS-003610,APP-2025-0797,Financial / Cost Review,2025-10-21,2025-10-23,3
PS-003611,APP-2025-0797,Final Assessment,2025-10-23,2025-10-30,4
PS-003612,APP-2025-0797,Decision,2025-10-30,2025-10-31,5
PS-003613,APP-2025-0798,Initial Screening,2025-03-27,2025-03-31,1
PS-003614,APP-2025-0798,Technical Review,2025-03-31,2025-04-06,2
PS-003615,APP-2025-0798,Financial / Cost Review,2025-04-06,2025-04-09,3
PS-003616,APP-2025-0798,Final Assessment,2025-04-09,2025-04-11,4
PS-003617,APP-2025-0798,Decision,2025-04-11,2025-04-12,5
PS-003618,APP-2025-0799,Initial Screening,2025-02-20,2025-02-22,1
PS-003619,APP-2025-0799,Technical Review,2025-02-22,2025-02-26,2
PS-003620,APP-2025-0799,Financial / Cost Review,2025-02-26,,3
PS-003621,APP-2025-0800,Initial Screening,2025-10-25,2025-10-26,1
PS-003622,APP-2025-0800,Technical Review,2025-10-26,2025-10-29,2
PS-003623,APP-2025-0800,Financial / Cost Review,2025-10-29,2025-11-01,3
PS-003624,APP-2025-0800,Final Assessment,2025-11-01,2025-11-02,4
PS-003625,APP-2025-0800,Decision,2025-11-02,2025-11-03,5
PS-003626,APP-2025-0801,Initial Screening,2025-06-28,2025-06-29,1
PS-003627,APP-2025-0801,Technical Review,2025-06-29,2025-07-07,2
PS-003628,APP-2025-0801,Financial / Cost Review,2025-07-07,2025-07-15,3
PS-003629,APP-2025-0801,Final Assessment,2025-07-15,2025-07-18,4
PS-003630,APP-2025-0801,Decision,2025-07-18,2025-07-20,5
PS-003631,APP-2025-0802,Initial Screening,2025-04-26,2025-04-27,1
PS-003632,APP-2025-0802,Technical Review,2025-04-27,2025-05-01,2
PS-003633,APP-2025-0802,Financial / Cost Review,2025-05-01,2025-05-05,3
PS-003634,APP-2025-0802,Final Assessment,2025-05-05,2025-05-07,4
PS-003635,APP-2025-0802,Decision,2025-05-07,2025-05-08,5
PS-003636,APP-2025-0803,Initial Screening,2025-02-13,2025-02-14,1
PS-003637,APP-2025-0803,Technical Review,2025-02-14,2025-02-16,2
PS-003638,APP-2025-0803,Financial / Cost Review,2025-02-16,2025-02-22,3
PS-003639,APP-2025-0803,Final Assessment,2025-02-22,2025-02-24,4
PS-003640,APP-2025-0803,Decision,2025-02-24,2025-02-25,5
PS-003641,APP-2025-0804,Initial Screening,2025-06-09,2025-06-12,1
PS-003642,APP-2025-0804,Technical Review,2025-06-12,2025-06-15,2
PS-003643,APP-2025-0804,Financial / Cost Review,2025-06-15,2025-06-21,3
PS-003644,APP-2025-0804,Final Assessment,2025-06-21,2025-06-23,4
PS-003645,APP-2025-0804,Decision,2025-06-23,2025-06-24,5
PS-003646,APP-2025-0805,Initial Screening,2025-12-16,2025-12-20,1
PS-003647,APP-2025-0805,Technical Review,2025-12-20,2025-12-29,2
PS-003648,APP-2025-0805,Financial / Cost Review,2025-12-29,2026-01-08,3
PS-003649,APP-2025-0805,Final Assessment,2026-01-08,2026-01-12,4
PS-003650,APP-2025-0805,Decision,2026-01-12,2026-01-15,5
PS-003651,APP-2025-0806,Initial Screening,2025-12-31,2026-01-11,1
PS-003652,APP-2025-0806,Technical Review,2026-01-11,2026-01-17,2
PS-003653,APP-2025-0806,Financial / Cost Review,2026-01-17,2026-01-18,3
PS-003654,APP-2025-0806,Final Assessment,2026-01-18,2026-01-20,4
PS-003655,APP-2025-0806,Decision,2026-01-20,2026-01-22,5
PS-003656,APP-2025-0807,Initial Screening,2025-01-10,2025-01-13,1
PS-003657,APP-2025-0807,Technical Review,2025-01-13,2025-01-19,2
PS-003658,APP-2025-0807,Financial / Cost Review,2025-01-19,2025-01-22,3
PS-003659,APP-2025-0807,Final Assessment,2025-01-22,2025-01-26,4
PS-003660,APP-2025-0807,Decision,2025-01-26,2025-01-27,5
PS-003661,APP-2025-0808,Initial Screening,2025-06-04,2025-06-07,1
PS-003662,APP-2025-0808,Technical Review,2025-06-07,2025-06-12,2
PS-003663,APP-2025-0808,Financial / Cost Review,2025-06-12,2025-06-28,3
PS-003664,APP-2025-0808,Final Assessment,2025-06-28,,4
PS-003665,APP-2025-0809,Initial Screening,2026-01-02,2026-01-04,1
PS-003666,APP-2025-0809,Technical Review,2026-01-04,2026-01-07,2
PS-003667,APP-2025-0809,Financial / Cost Review,2026-01-07,2026-01-08,3
PS-003668,APP-2025-0809,Final Assessment,2026-01-08,2026-01-11,4
PS-003669,APP-2025-0809,Decision,2026-01-11,2026-01-14,5
PS-003670,APP-2025-0810,Initial Screening,2025-01-31,2025-02-01,1
PS-003671,APP-2025-0810,Technical Review,2025-02-01,2025-02-21,2
PS-003672,APP-2025-0810,Financial / Cost Review,2025-02-21,,3
PS-003673,APP-2025-0811,Initial Screening,2025-09-22,2025-09-23,1
PS-003674,APP-2025-0811,Technical Review,2025-09-23,2025-09-25,2
PS-003675,APP-2025-0811,Financial / Cost Review,2025-09-25,2025-10-01,3
PS-003676,APP-2025-0811,Final Assessment,2025-10-01,2025-10-02,4
PS-003677,APP-2025-0811,Decision,2025-10-02,2025-10-06,5
PS-003678,APP-2025-0812,Initial Screening,2025-01-27,2025-01-28,1
PS-003679,APP-2025-0812,Technical Review,2025-01-28,2025-02-05,2
PS-003680,APP-2025-0812,Financial / Cost Review,2025-02-05,2025-02-14,3
PS-003681,APP-2025-0812,Final Assessment,2025-02-14,2025-02-17,4
PS-003682,APP-2025-0812,Decision,2025-02-17,2025-02-18,5
PS-003683,APP-2025-0813,Initial Screening,2025-10-20,2025-10-21,1
PS-003684,APP-2025-0813,Technical Review,2025-10-21,2025-11-03,2
PS-003685,APP-2025-0813,Financial / Cost Review,2025-11-03,2025-11-07,3
PS-003686,APP-2025-0813,Final Assessment,2025-11-07,2025-11-14,4
PS-003687,APP-2025-0813,Decision,2025-11-14,2025-11-15,5
PS-003688,APP-2025-0814,Initial Screening,2025-08-08,2025-08-09,1
PS-003689,APP-2025-0814,Technical Review,2025-08-09,2025-08-20,2
PS-003690,APP-2025-0814,Financial / Cost Review,2025-08-20,2025-08-28,3
PS-003691,APP-2025-0814,Final Assessment,2025-08-28,2025-08-30,4
PS-003692,APP-2025-0814,Decision,2025-08-30,2025-09-01,5
PS-003693,APP-2025-0815,Initial Screening,2025-07-31,2025-08-02,1
PS-003694,APP-2025-0815,Technical Review,2025-08-02,2025-08-16,2
PS-003695,APP-2025-0815,Financial / Cost Review,2025-08-16,2025-08-28,3
PS-003696,APP-2025-0815,Final Assessment,2025-08-28,2025-08-31,4
PS-003697,APP-2025-0815,Decision,2025-08-31,2025-09-01,5
PS-003698,APP-2025-0816,Initial Screening,2025-12-11,2025-12-12,1
PS-003699,APP-2025-0816,Technical Review,2025-12-12,2025-12-19,2
PS-003700,APP-2025-0816,Financial / Cost Review,2025-12-19,2025-12-20,3
PS-003701,APP-2025-0816,Final Assessment,2025-12-20,2025-12-23,4
PS-003702,APP-2025-0816,Decision,2025-12-23,2025-12-26,5
PS-003703,APP-2025-0817,Initial Screening,2025-06-28,2025-07-01,1
PS-003704,APP-2025-0817,Technical Review,2025-07-01,2025-07-13,2
PS-003705,APP-2025-0817,Financial / Cost Review,2025-07-13,2025-07-17,3
PS-003706,APP-2025-0817,Final Assessment,2025-07-17,2025-07-18,4
PS-003707,APP-2025-0817,Decision,2025-07-18,2025-07-20,5
PS-003708,APP-2025-0818,Initial Screening,2025-09-29,2025-10-02,1
PS-003709,APP-2025-0818,Technical Review,2025-10-02,2025-10-03,2
PS-003710,APP-2025-0818,Financial / Cost Review,2025-10-03,2025-10-08,3
PS-003711,APP-2025-0818,Final Assessment,2025-10-08,2025-10-18,4
PS-003712,APP-2025-0818,Decision,2025-10-18,2025-10-20,5
PS-003713,APP-2025-0819,Initial Screening,2025-03-31,2025-04-03,1
PS-003714,APP-2025-0819,Technical Review,2025-04-03,2025-04-15,2
PS-003715,APP-2025-0819,Financial / Cost Review,2025-04-15,2025-04-17,3
PS-003716,APP-2025-0819,Final Assessment,2025-04-17,2025-04-25,4
PS-003717,APP-2025-0819,Decision,2025-04-25,2025-04-26,5
PS-003718,APP-2025-0820,Initial Screening,2025-09-17,2025-09-18,1
PS-003719,APP-2025-0820,Technical Review,2025-09-18,2025-09-28,2
PS-003720,APP-2025-0820,Financial / Cost Review,2025-09-28,2025-09-30,3
PS-003721,APP-2025-0820,Final Assessment,2025-09-30,2025-10-06,4
PS-003722,APP-2025-0820,Decision,2025-10-06,2025-10-07,5
PS-003723,APP-2025-0821,Initial Screening,2025-04-13,2025-04-14,1
PS-003724,APP-2025-0821,Technical Review,2025-04-14,,2
PS-003725,APP-2025-0822,Initial Screening,2025-11-14,2025-11-19,1
PS-003726,APP-2025-0822,Technical Review,2025-11-19,2025-12-10,2
PS-003727,APP-2025-0822,Financial / Cost Review,2025-12-10,2025-12-15,3
PS-003728,APP-2025-0822,Final Assessment,2025-12-15,2025-12-23,4
PS-003729,APP-2025-0822,Decision,2025-12-23,2025-12-27,5
PS-003730,APP-2025-0823,Initial Screening,2025-06-03,2025-06-08,1
PS-003731,APP-2025-0823,Technical Review,2025-06-08,2025-06-11,2
PS-003732,APP-2025-0823,Financial / Cost Review,2025-06-11,2025-06-14,3
PS-003733,APP-2025-0823,Final Assessment,2025-06-14,2025-06-21,4
PS-003734,APP-2025-0823,Decision,2025-06-21,2025-06-24,5
PS-003735,APP-2025-0824,Initial Screening,2025-11-24,2025-11-25,1
PS-003736,APP-2025-0824,Technical Review,2025-11-25,2025-12-02,2
PS-003737,APP-2025-0824,Financial / Cost Review,2025-12-02,2025-12-07,3
PS-003738,APP-2025-0824,Final Assessment,2025-12-07,,4
PS-003739,APP-2025-0825,Initial Screening,2025-06-13,2025-06-14,1
PS-003740,APP-2025-0825,Technical Review,2025-06-14,2025-06-25,2
PS-003741,APP-2025-0825,Financial / Cost Review,2025-06-25,2025-07-03,3
PS-003742,APP-2025-0825,Final Assessment,2025-07-03,2025-07-05,4
PS-003743,APP-2025-0825,Decision,2025-07-05,2025-07-09,5
PS-003744,APP-2025-0826,Initial Screening,2025-02-25,2025-02-26,1
PS-003745,APP-2025-0826,Technical Review,2025-02-26,2025-03-03,2
PS-003746,APP-2025-0826,Financial / Cost Review,2025-03-03,2025-03-07,3
PS-003747,APP-2025-0826,Final Assessment,2025-03-07,2025-03-08,4
PS-003748,APP-2025-0826,Decision,2025-03-08,2025-03-12,5
PS-003749,APP-2025-0827,Initial Screening,2025-03-03,2025-03-04,1
PS-003750,APP-2025-0827,Technical Review,2025-03-04,2025-03-07,2
PS-003751,APP-2025-0827,Financial / Cost Review,2025-03-07,2025-03-10,3
PS-003752,APP-2025-0827,Final Assessment,2025-03-10,2025-03-11,4
PS-003753,APP-2025-0827,Decision,2025-03-11,2025-03-13,5
PS-003754,APP-2025-0828,Initial Screening,2025-08-30,2025-09-02,1
PS-003755,APP-2025-0828,Technical Review,2025-09-02,2025-09-09,2
PS-003756,APP-2025-0828,Financial / Cost Review,2025-09-09,2025-09-10,3
PS-003757,APP-2025-0828,Final Assessment,2025-09-10,2025-09-17,4
PS-003758,APP-2025-0828,Decision,2025-09-17,2025-09-18,5
PS-003759,APP-2025-0829,Initial Screening,2025-01-10,2025-01-13,1
PS-003760,APP-2025-0829,Technical Review,2025-01-13,2025-01-21,2
PS-003761,APP-2025-0829,Financial / Cost Review,2025-01-21,2025-01-28,3
PS-003762,APP-2025-0829,Final Assessment,2025-01-28,2025-02-03,4
PS-003763,APP-2025-0829,Decision,2025-02-03,2025-02-07,5
PS-003764,APP-2025-0830,Initial Screening,2025-04-08,2025-04-09,1
PS-003765,APP-2025-0830,Technical Review,2025-04-09,2025-04-16,2
PS-003766,APP-2025-0830,Financial / Cost Review,2025-04-16,2025-04-20,3
PS-003767,APP-2025-0830,Final Assessment,2025-04-20,2025-04-22,4
PS-003768,APP-2025-0830,Decision,2025-04-22,2025-04-25,5
PS-003769,APP-2025-0831,Initial Screening,2025-03-03,2025-03-06,1
PS-003770,APP-2025-0831,Technical Review,2025-03-06,2025-03-20,2
PS-003771,APP-2025-0831,Financial / Cost Review,2025-03-20,2025-03-22,3
PS-003772,APP-2025-0831,Final Assessment,2025-03-22,2025-03-30,4
PS-003773,APP-2025-0831,Decision,2025-03-30,2025-04-01,5
PS-003774,APP-2025-0832,Initial Screening,2025-09-18,2025-09-19,1
PS-003775,APP-2025-0832,Technical Review,2025-09-19,2025-10-11,2
PS-003776,APP-2025-0832,Financial / Cost Review,2025-10-11,2025-10-12,3
PS-003777,APP-2025-0832,Final Assessment,2025-10-12,2025-10-17,4
PS-003778,APP-2025-0832,Decision,2025-10-17,2025-10-20,5
PS-003779,APP-2025-0833,Initial Screening,2025-02-17,2025-02-20,1
PS-003780,APP-2025-0833,Technical Review,2025-02-20,2025-02-28,2
PS-003781,APP-2025-0833,Financial / Cost Review,2025-02-28,2025-03-13,3
PS-003782,APP-2025-0833,Final Assessment,2025-03-13,2025-03-22,4
PS-003783,APP-2025-0833,Decision,2025-03-22,2025-03-24,5
PS-003784,APP-2025-0834,Initial Screening,2025-04-05,2025-04-07,1
PS-003785,APP-2025-0834,Technical Review,2025-04-07,2025-04-20,2
PS-003786,APP-2025-0834,Financial / Cost Review,2025-04-20,2025-04-22,3
PS-003787,APP-2025-0834,Final Assessment,2025-04-22,2025-04-27,4
PS-003788,APP-2025-0834,Decision,2025-04-27,2025-04-28,5
PS-003789,APP-2025-0835,Initial Screening,2025-08-29,2025-09-01,1
PS-003790,APP-2025-0835,Technical Review,2025-09-01,2025-09-09,2
PS-003791,APP-2025-0835,Financial / Cost Review,2025-09-09,2025-09-10,3
PS-003792,APP-2025-0835,Final Assessment,2025-09-10,2025-09-11,4
PS-003793,APP-2025-0835,Decision,2025-09-11,2025-09-13,5
PS-003794,APP-2025-0836,Initial Screening,2025-05-29,2025-06-01,1
PS-003795,APP-2025-0836,Technical Review,2025-06-01,2025-06-02,2
PS-003796,APP-2025-0836,Financial / Cost Review,2025-06-02,2025-06-06,3
PS-003797,APP-2025-0836,Final Assessment,2025-06-06,2025-06-15,4
PS-003798,APP-2025-0836,Decision,2025-06-15,2025-06-16,5
PS-003799,APP-2025-0837,Initial Screening,2025-08-05,2025-08-10,1
PS-003800,APP-2025-0837,Technical Review,2025-08-10,2025-08-14,2
PS-003801,APP-2025-0837,Financial / Cost Review,2025-08-14,2025-08-19,3
PS-003802,APP-2025-0837,Final Assessment,2025-08-19,2025-08-22,4
PS-003803,APP-2025-0837,Decision,2025-08-22,2025-08-24,5
PS-003804,APP-2025-0838,Initial Screening,2025-10-07,2025-10-08,1
PS-003805,APP-2025-0838,Technical Review,2025-10-08,,2
PS-003806,APP-2025-0839,Initial Screening,2025-08-13,2025-08-21,1
PS-003807,APP-2025-0839,Technical Review,2025-08-21,2025-08-29,2
PS-003808,APP-2025-0839,Financial / Cost Review,2025-08-29,2025-09-04,3
PS-003809,APP-2025-0839,Final Assessment,2025-09-04,2025-09-09,4
PS-003810,APP-2025-0839,Decision,2025-09-09,2025-09-13,5
PS-003811,APP-2025-0840,Initial Screening,2025-07-02,2025-07-04,1
PS-003812,APP-2025-0840,Technical Review,2025-07-04,,2
PS-003813,APP-2025-0841,Initial Screening,2025-09-15,2025-09-16,1
PS-003814,APP-2025-0841,Technical Review,2025-09-16,2025-09-24,2
PS-003815,APP-2025-0841,Financial / Cost Review,2025-09-24,2025-09-30,3
PS-003816,APP-2025-0841,Final Assessment,2025-09-30,2025-10-01,4
PS-003817,APP-2025-0841,Decision,2025-10-01,2025-10-04,5
PS-003818,APP-2025-0842,Initial Screening,2025-04-22,2025-04-28,1
PS-003819,APP-2025-0842,Technical Review,2025-04-28,,2
PS-003820,APP-2025-0843,Initial Screening,2025-11-07,2025-11-10,1
PS-003821,APP-2025-0843,Technical Review,2025-11-10,2025-11-21,2
PS-003822,APP-2025-0843,Financial / Cost Review,2025-11-21,2025-11-27,3
PS-003823,APP-2025-0843,Final Assessment,2025-11-27,2025-11-28,4
PS-003824,APP-2025-0843,Decision,2025-11-28,2025-11-29,5
PS-003825,APP-2025-0844,Initial Screening,2025-06-20,2025-06-24,1
PS-003826,APP-2025-0844,Technical Review,2025-06-24,2025-06-27,2
PS-003827,APP-2025-0844,Financial / Cost Review,2025-06-27,2025-06-29,3
PS-003828,APP-2025-0844,Final Assessment,2025-06-29,2025-06-30,4
PS-003829,APP-2025-0844,Decision,2025-06-30,2025-07-01,5
PS-003830,APP-2025-0845,Initial Screening,2025-04-11,2025-04-14,1
PS-003831,APP-2025-0845,Technical Review,2025-04-14,2025-04-17,2
PS-003832,APP-2025-0845,Financial / Cost Review,2025-04-17,2025-04-20,3
PS-003833,APP-2025-0845,Final Assessment,2025-04-20,2025-04-25,4
PS-003834,APP-2025-0845,Decision,2025-04-25,2025-04-28,5
PS-003835,APP-2025-0846,Initial Screening,2025-06-22,2025-06-23,1
PS-003836,APP-2025-0846,Technical Review,2025-06-23,2025-06-28,2
PS-003837,APP-2025-0846,Financial / Cost Review,2025-06-28,2025-07-01,3
PS-003838,APP-2025-0846,Final Assessment,2025-07-01,2025-07-08,4
PS-003839,APP-2025-0846,Decision,2025-07-08,2025-07-10,5
PS-003840,APP-2025-0847,Initial Screening,2025-01-30,2025-01-31,1
PS-003841,APP-2025-0847,Technical Review,2025-01-31,2025-02-04,2
PS-003842,APP-2025-0847,Financial / Cost Review,2025-02-04,,3
PS-003843,APP-2025-0848,Initial Screening,2025-07-22,2025-07-30,1
PS-003844,APP-2025-0848,Technical Review,2025-07-30,2025-08-07,2
PS-003845,APP-2025-0848,Financial / Cost Review,2025-08-07,2025-08-18,3
PS-003846,APP-2025-0848,Final Assessment,2025-08-18,2025-08-23,4
PS-003847,APP-2025-0848,Decision,2025-08-23,2025-08-27,5
PS-003848,APP-2025-0849,Initial Screening,2025-01-17,2025-01-19,1
PS-003849,APP-2025-0849,Technical Review,2025-01-19,2025-01-29,2
PS-003850,APP-2025-0849,Financial / Cost Review,2025-01-29,2025-02-01,3
PS-003851,APP-2025-0849,Final Assessment,2025-02-01,2025-02-05,4
PS-003852,APP-2025-0849,Decision,2025-02-05,2025-02-08,5
PS-003853,APP-2025-0850,Initial Screening,2025-04-11,2025-04-14,1
PS-003854,APP-2025-0850,Technical Review,2025-04-14,2025-04-19,2
PS-003855,APP-2025-0850,Financial / Cost Review,2025-04-19,2025-04-30,3
PS-003856,APP-2025-0850,Final Assessment,2025-04-30,2025-05-02,4
PS-003857,APP-2025-0850,Decision,2025-05-02,2025-05-03,5
PS-003858,APP-2025-0851,Initial Screening,2025-03-28,2025-04-01,1
PS-003859,APP-2025-0851,Technical Review,2025-04-01,2025-04-06,2
PS-003860,APP-2025-0851,Financial / Cost Review,2025-04-06,2025-04-11,3
PS-003861,APP-2025-0851,Final Assessment,2025-04-11,2025-04-13,4
PS-003862,APP-2025-0851,Decision,2025-04-13,2025-04-14,5
PS-003863,APP-2025-0852,Initial Screening,2025-09-08,2025-09-11,1
PS-003864,APP-2025-0852,Technical Review,2025-09-11,2025-09-12,2
PS-003865,APP-2025-0852,Financial / Cost Review,2025-09-12,2025-09-14,3
PS-003866,APP-2025-0852,Final Assessment,2025-09-14,2025-09-20,4
PS-003867,APP-2025-0852,Decision,2025-09-20,2025-09-21,5
PS-003868,APP-2025-0853,Initial Screening,2025-09-14,,1
PS-003869,APP-2025-0854,Initial Screening,2025-10-28,,1
PS-003870,APP-2025-0855,Initial Screening,2025-01-16,2025-01-18,1
PS-003871,APP-2025-0855,Technical Review,2025-01-18,2025-01-20,2
PS-003872,APP-2025-0855,Financial / Cost Review,2025-01-20,2025-01-23,3
PS-003873,APP-2025-0855,Final Assessment,2025-01-23,2025-01-25,4
PS-003874,APP-2025-0855,Decision,2025-01-25,2025-01-26,5
PS-003875,APP-2025-0856,Initial Screening,2025-11-02,2025-11-03,1
PS-003876,APP-2025-0856,Technical Review,2025-11-03,2025-11-11,2
PS-003877,APP-2025-0856,Financial / Cost Review,2025-11-11,2025-11-16,3
PS-003878,APP-2025-0856,Final Assessment,2025-11-16,2025-11-17,4
PS-003879,APP-2025-0856,Decision,2025-11-17,2025-11-18,5
PS-003880,APP-2025-0857,Initial Screening,2025-11-20,2025-11-22,1
PS-003881,APP-2025-0857,Technical Review,2025-11-22,,2
PS-003882,APP-2025-0858,Initial Screening,2025-09-04,,1
PS-003883,APP-2025-0859,Initial Screening,2025-04-03,2025-04-04,1
PS-003884,APP-2025-0859,Technical Review,2025-04-04,2025-04-10,2
PS-003885,APP-2025-0859,Financial / Cost Review,2025-04-10,2025-04-13,3
PS-003886,APP-2025-0859,Final Assessment,2025-04-13,2025-04-15,4
PS-003887,APP-2025-0859,Decision,2025-04-15,2025-04-20,5
PS-003888,APP-2025-0860,Initial Screening,2025-04-26,,1
PS-003889,APP-2025-0861,Initial Screening,2025-06-23,2025-06-24,1
PS-003890,APP-2025-0861,Technical Review,2025-06-24,2025-07-06,2
PS-003891,APP-2025-0861,Financial / Cost Review,2025-07-06,2025-07-14,3
PS-003892,APP-2025-0861,Final Assessment,2025-07-14,2025-07-16,4
PS-003893,APP-2025-0861,Decision,2025-07-16,2025-07-19,5
PS-003894,APP-2025-0862,Initial Screening,2025-06-14,2025-06-19,1
PS-003895,APP-2025-0862,Technical Review,2025-06-19,2025-06-21,2
PS-003896,APP-2025-0862,Financial / Cost Review,2025-06-21,2025-06-26,3
PS-003897,APP-2025-0862,Final Assessment,2025-06-26,2025-06-28,4
PS-003898,APP-2025-0862,Decision,2025-06-28,2025-06-29,5
PS-003899,APP-2025-0863,Initial Screening,2025-05-22,2025-05-24,1
PS-003900,APP-2025-0863,Technical Review,2025-05-24,2025-06-01,2
PS-003901,APP-2025-0863,Financial / Cost Review,2025-06-01,2025-06-03,3
PS-003902,APP-2025-0863,Final Assessment,2025-06-03,2025-06-05,4
PS-003903,APP-2025-0863,Decision,2025-06-05,2025-06-06,5
PS-003904,APP-2025-0864,Initial Screening,2025-01-17,2025-01-18,1
PS-003905,APP-2025-0864,Technical Review,2025-01-18,2025-02-07,2
PS-003906,APP-2025-0864,Financial / Cost Review,2025-02-07,2025-02-12,3
PS-003907,APP-2025-0864,Final Assessment,2025-02-12,2025-02-13,4
PS-003908,APP-2025-0864,Decision,2025-02-13,2025-02-17,5
PS-003909,APP-2025-0865,Initial Screening,2025-07-28,2025-07-30,1
PS-003910,APP-2025-0865,Technical Review,2025-07-30,2025-08-05,2
PS-003911,APP-2025-0865,Financial / Cost Review,2025-08-05,2025-08-14,3
PS-003912,APP-2025-0865,Final Assessment,2025-08-14,2025-08-21,4
PS-003913,APP-2025-0865,Decision,2025-08-21,2025-08-23,5
PS-003914,APP-2025-0866,Initial Screening,2025-07-24,2025-07-27,1
PS-003915,APP-2025-0866,Technical Review,2025-07-27,2025-07-28,2
PS-003916,APP-2025-0866,Financial / Cost Review,2025-07-28,2025-07-31,3
PS-003917,APP-2025-0866,Final Assessment,2025-07-31,2025-08-05,4
PS-003918,APP-2025-0866,Decision,2025-08-05,2025-08-06,5
PS-003919,APP-2025-0867,Initial Screening,2025-03-05,2025-03-08,1
PS-003920,APP-2025-0867,Technical Review,2025-03-08,2025-03-27,2
PS-003921,APP-2025-0867,Financial / Cost Review,2025-03-27,2025-03-30,3
PS-003922,APP-2025-0867,Final Assessment,2025-03-30,2025-03-31,4
PS-003923,APP-2025-0867,Decision,2025-03-31,2025-04-03,5
PS-003924,APP-2025-0868,Initial Screening,2025-03-16,2025-03-17,1
PS-003925,APP-2025-0868,Technical Review,2025-03-17,2025-03-21,2
PS-003926,APP-2025-0868,Financial / Cost Review,2025-03-21,2025-03-24,3
PS-003927,APP-2025-0868,Final Assessment,2025-03-24,2025-03-26,4
PS-003928,APP-2025-0868,Decision,2025-03-26,2025-03-27,5
PS-003929,APP-2025-0869,Initial Screening,2025-05-28,2025-05-31,1
PS-003930,APP-2025-0869,Technical Review,2025-05-31,2025-06-07,2
PS-003931,APP-2025-0869,Financial / Cost Review,2025-06-07,2025-06-12,3
PS-003932,APP-2025-0869,Final Assessment,2025-06-12,2025-06-14,4
PS-003933,APP-2025-0869,Decision,2025-06-14,2025-06-20,5
PS-003934,APP-2025-0870,Initial Screening,2025-09-05,2025-09-09,1
PS-003935,APP-2025-0870,Technical Review,2025-09-09,2025-09-15,2
PS-003936,APP-2025-0870,Financial / Cost Review,2025-09-15,2025-09-19,3
PS-003937,APP-2025-0870,Final Assessment,2025-09-19,2025-09-25,4
PS-003938,APP-2025-0870,Decision,2025-09-25,2025-09-30,5
PS-003939,APP-2025-0871,Initial Screening,2025-09-05,2025-09-10,1
PS-003940,APP-2025-0871,Technical Review,2025-09-10,2025-10-05,2
PS-003941,APP-2025-0871,Financial / Cost Review,2025-10-05,2025-10-07,3
PS-003942,APP-2025-0871,Final Assessment,2025-10-07,2025-10-12,4
PS-003943,APP-2025-0871,Decision,2025-10-12,2025-10-13,5
PS-003944,APP-2025-0872,Initial Screening,2025-02-07,2025-02-09,1
PS-003945,APP-2025-0872,Technical Review,2025-02-09,2025-02-13,2
PS-003946,APP-2025-0872,Financial / Cost Review,2025-02-13,,3
PS-003947,APP-2025-0873,Initial Screening,2025-05-25,2025-05-26,1
PS-003948,APP-2025-0873,Technical Review,2025-05-26,2025-06-11,2
PS-003949,APP-2025-0873,Financial / Cost Review,2025-06-11,2025-06-17,3
PS-003950,APP-2025-0873,Final Assessment,2025-06-17,2025-06-19,4
PS-003951,APP-2025-0873,Decision,2025-06-19,2025-06-23,5
PS-003952,APP-2025-0874,Initial Screening,2025-08-06,2025-08-10,1
PS-003953,APP-2025-0874,Technical Review,2025-08-10,2025-08-13,2
PS-003954,APP-2025-0874,Financial / Cost Review,2025-08-13,2025-08-15,3
PS-003955,APP-2025-0874,Final Assessment,2025-08-15,2025-08-17,4
PS-003956,APP-2025-0874,Decision,2025-08-17,2025-08-18,5
PS-003957,APP-2025-0875,Initial Screening,2025-05-24,2025-05-26,1
PS-003958,APP-2025-0875,Technical Review,2025-05-26,2025-06-01,2
PS-003959,APP-2025-0875,Financial / Cost Review,2025-06-01,2025-06-05,3
PS-003960,APP-2025-0875,Final Assessment,2025-06-05,2025-06-08,4
PS-003961,APP-2025-0875,Decision,2025-06-08,2025-06-10,5
PS-003962,APP-2025-0876,Initial Screening,2025-06-18,2025-06-20,1
PS-003963,APP-2025-0876,Technical Review,2025-06-20,2025-07-09,2
PS-003964,APP-2025-0876,Financial / Cost Review,2025-07-09,2025-07-11,3
PS-003965,APP-2025-0876,Final Assessment,2025-07-11,2025-07-14,4
PS-003966,APP-2025-0876,Decision,2025-07-14,2025-07-16,5
PS-003967,APP-2025-0877,Initial Screening,2025-06-23,2025-06-28,1
PS-003968,APP-2025-0877,Technical Review,2025-06-28,2025-07-07,2
PS-003969,APP-2025-0877,Financial / Cost Review,2025-07-07,2025-07-10,3
PS-003970,APP-2025-0877,Final Assessment,2025-07-10,2025-07-14,4
PS-003971,APP-2025-0877,Decision,2025-07-14,2025-07-15,5
PS-003972,APP-2025-0878,Initial Screening,2025-06-24,2025-06-26,1
PS-003973,APP-2025-0878,Technical Review,2025-06-26,2025-07-06,2
PS-003974,APP-2025-0878,Financial / Cost Review,2025-07-06,2025-07-10,3
PS-003975,APP-2025-0878,Final Assessment,2025-07-10,2025-07-14,4
PS-003976,APP-2025-0878,Decision,2025-07-14,2025-07-16,5
PS-003977,APP-2025-0879,Initial Screening,2025-06-04,2025-06-07,1
PS-003978,APP-2025-0879,Technical Review,2025-06-07,2025-06-16,2
PS-003979,APP-2025-0879,Financial / Cost Review,2025-06-16,2025-06-20,3
PS-003980,APP-2025-0879,Final Assessment,2025-06-20,2025-06-23,4
PS-003981,APP-2025-0879,Decision,2025-06-23,2025-06-24,5
PS-003982,APP-2025-0880,Initial Screening,2025-01-07,2025-01-11,1
PS-003983,APP-2025-0880,Technical Review,2025-01-11,2025-01-19,2
PS-003984,APP-2025-0880,Financial / Cost Review,2025-01-19,2025-02-01,3
PS-003985,APP-2025-0880,Final Assessment,2025-02-01,2025-02-05,4
PS-003986,APP-2025-0880,Decision,2025-02-05,2025-02-07,5
PS-003987,APP-2025-0881,Initial Screening,2025-05-07,2025-05-11,1
PS-003988,APP-2025-0881,Technical Review,2025-05-11,2025-05-24,2
PS-003989,APP-2025-0881,Financial / Cost Review,2025-05-24,2025-05-26,3
PS-003990,APP-2025-0881,Final Assessment,2025-05-26,2025-05-28,4
PS-003991,APP-2025-0881,Decision,2025-05-28,2025-05-29,5
PS-003992,APP-2025-0882,Initial Screening,2025-05-09,,1
PS-003993,APP-2025-0883,Initial Screening,2025-06-20,2025-06-25,1
PS-003994,APP-2025-0883,Technical Review,2025-06-25,2025-07-14,2
PS-003995,APP-2025-0883,Financial / Cost Review,2025-07-14,2025-07-18,3
PS-003996,APP-2025-0883,Final Assessment,2025-07-18,2025-07-19,4
PS-003997,APP-2025-0883,Decision,2025-07-19,2025-07-21,5
PS-003998,APP-2025-0884,Initial Screening,2025-12-02,2025-12-04,1
PS-003999,APP-2025-0884,Technical Review,2025-12-04,2025-12-14,2
PS-004000,APP-2025-0884,Financial / Cost Review,2025-12-14,2025-12-17,3
PS-004001,APP-2025-0884,Final Assessment,2025-12-17,2025-12-21,4
PS-004002,APP-2025-0884,Decision,2025-12-21,2025-12-23,5
PS-004003,APP-2025-0885,Initial Screening,2025-09-05,2025-09-06,1
PS-004004,APP-2025-0885,Technical Review,2025-09-06,2025-09-14,2
PS-004005,APP-2025-0885,Financial / Cost Review,2025-09-14,2025-09-25,3
PS-004006,APP-2025-0885,Final Assessment,2025-09-25,2025-09-28,4
PS-004007,APP-2025-0885,Decision,2025-09-28,2025-09-29,5
PS-004008,APP-2025-0886,Initial Screening,2025-06-03,2025-06-07,1
PS-004009,APP-2025-0886,Technical Review,2025-06-07,2025-06-25,2
PS-004010,APP-2025-0886,Financial / Cost Review,2025-06-25,2025-06-26,3
PS-004011,APP-2025-0886,Final Assessment,2025-06-26,2025-07-03,4
PS-004012,APP-2025-0886,Decision,2025-07-03,2025-07-04,5
PS-004013,APP-2025-0887,Initial Screening,2025-05-08,,1
PS-004014,APP-2025-0888,Initial Screening,2025-04-07,2025-04-08,1
PS-004015,APP-2025-0888,Technical Review,2025-04-08,2025-04-18,2
PS-004016,APP-2025-0888,Financial / Cost Review,2025-04-18,2025-04-22,3
PS-004017,APP-2025-0888,Final Assessment,2025-04-22,2025-04-24,4
PS-004018,APP-2025-0888,Decision,2025-04-24,2025-04-25,5
PS-004019,APP-2025-0889,Initial Screening,2025-06-06,2025-06-08,1
PS-004020,APP-2025-0889,Technical Review,2025-06-08,2025-06-11,2
PS-004021,APP-2025-0889,Financial / Cost Review,2025-06-11,2025-06-12,3
PS-004022,APP-2025-0889,Final Assessment,2025-06-12,2025-06-14,4
PS-004023,APP-2025-0889,Decision,2025-06-14,2025-06-15,5
PS-004024,APP-2025-0890,Initial Screening,2025-06-23,2025-06-24,1
PS-004025,APP-2025-0890,Technical Review,2025-06-24,2025-07-09,2
PS-004026,APP-2025-0890,Financial / Cost Review,2025-07-09,2025-07-16,3
PS-004027,APP-2025-0890,Final Assessment,2025-07-16,2025-07-19,4
PS-004028,APP-2025-0890,Decision,2025-07-19,2025-07-23,5
PS-004029,APP-2025-0891,Initial Screening,2025-02-24,2025-03-01,1
PS-004030,APP-2025-0891,Technical Review,2025-03-01,2025-03-05,2
PS-004031,APP-2025-0891,Financial / Cost Review,2025-03-05,2025-03-07,3
PS-004032,APP-2025-0891,Final Assessment,2025-03-07,2025-03-08,4
PS-004033,APP-2025-0891,Decision,2025-03-08,2025-03-11,5
PS-004034,APP-2025-0892,Initial Screening,2025-11-18,2025-11-19,1
PS-004035,APP-2025-0892,Technical Review,2025-11-19,2025-11-23,2
PS-004036,APP-2025-0892,Financial / Cost Review,2025-11-23,2025-11-25,3
PS-004037,APP-2025-0892,Final Assessment,2025-11-25,,4
PS-004038,APP-2025-0893,Initial Screening,2025-05-15,2025-05-17,1
PS-004039,APP-2025-0893,Technical Review,2025-05-17,2025-05-24,2
PS-004040,APP-2025-0893,Financial / Cost Review,2025-05-24,2025-05-25,3
PS-004041,APP-2025-0893,Final Assessment,2025-05-25,2025-05-27,4
PS-004042,APP-2025-0893,Decision,2025-05-27,2025-05-30,5
PS-004043,APP-2025-0894,Initial Screening,2025-02-12,2025-02-18,1
PS-004044,APP-2025-0894,Technical Review,2025-02-18,2025-02-27,2
PS-004045,APP-2025-0894,Financial / Cost Review,2025-02-27,2025-03-05,3
PS-004046,APP-2025-0894,Final Assessment,2025-03-05,2025-03-08,4
PS-004047,APP-2025-0894,Decision,2025-03-08,2025-03-10,5
PS-004048,APP-2025-0895,Initial Screening,2025-03-25,2025-03-29,1
PS-004049,APP-2025-0895,Technical Review,2025-03-29,2025-04-07,2
PS-004050,APP-2025-0895,Financial / Cost Review,2025-04-07,2025-04-10,3
PS-004051,APP-2025-0895,Final Assessment,2025-04-10,2025-04-13,4
PS-004052,APP-2025-0895,Decision,2025-04-13,2025-04-16,5
PS-004053,APP-2025-0896,Initial Screening,2025-10-30,2025-11-01,1
PS-004054,APP-2025-0896,Technical Review,2025-11-01,2025-11-03,2
PS-004055,APP-2025-0896,Financial / Cost Review,2025-11-03,2025-11-06,3
PS-004056,APP-2025-0896,Final Assessment,2025-11-06,2025-11-10,4
PS-004057,APP-2025-0896,Decision,2025-11-10,2025-11-11,5
PS-004058,APP-2025-0897,Initial Screening,2025-05-01,2025-05-07,1
PS-004059,APP-2025-0897,Technical Review,2025-05-07,2025-05-13,2
PS-004060,APP-2025-0897,Financial / Cost Review,2025-05-13,2025-05-18,3
PS-004061,APP-2025-0897,Final Assessment,2025-05-18,2025-05-22,4
PS-004062,APP-2025-0897,Decision,2025-05-22,2025-05-24,5
PS-004063,APP-2025-0898,Initial Screening,2025-03-17,2025-03-18,1
PS-004064,APP-2025-0898,Technical Review,2025-03-18,2025-04-02,2
PS-004065,APP-2025-0898,Financial / Cost Review,2025-04-02,2025-04-07,3
PS-004066,APP-2025-0898,Final Assessment,2025-04-07,2025-04-17,4
PS-004067,APP-2025-0898,Decision,2025-04-17,2025-04-18,5
PS-004068,APP-2025-0899,Initial Screening,2025-06-12,2025-06-13,1
PS-004069,APP-2025-0899,Technical Review,2025-06-13,2025-06-24,2
PS-004070,APP-2025-0899,Financial / Cost Review,2025-06-24,2025-06-25,3
PS-004071,APP-2025-0899,Final Assessment,2025-06-25,2025-06-27,4
PS-004072,APP-2025-0899,Decision,2025-06-27,2025-06-28,5
PS-004073,APP-2025-0900,Initial Screening,2025-02-05,2025-02-08,1
PS-004074,APP-2025-0900,Technical Review,2025-02-08,2025-02-19,2
PS-004075,APP-2025-0900,Financial / Cost Review,2025-02-19,2025-02-21,3
PS-004076,APP-2025-0900,Final Assessment,2025-02-21,2025-02-22,4
PS-004077,APP-2025-0900,Decision,2025-02-22,2025-02-26,5
PS-004078,APP-2025-0901,Initial Screening,2025-03-30,2025-03-31,1
PS-004079,APP-2025-0901,Technical Review,2025-03-31,2025-04-18,2
PS-004080,APP-2025-0901,Financial / Cost Review,2025-04-18,2025-04-30,3
PS-004081,APP-2025-0901,Final Assessment,2025-04-30,2025-05-03,4
PS-004082,APP-2025-0901,Decision,2025-05-03,2025-05-06,5
PS-004083,APP-2025-0902,Initial Screening,2025-09-10,2025-09-11,1
PS-004084,APP-2025-0902,Technical Review,2025-09-11,2025-09-26,2
PS-004085,APP-2025-0902,Financial / Cost Review,2025-09-26,2025-09-29,3
PS-004086,APP-2025-0902,Final Assessment,2025-09-29,2025-10-02,4
PS-004087,APP-2025-0902,Decision,2025-10-02,2025-10-06,5
PS-004088,APP-2025-0903,Initial Screening,2025-10-12,2025-10-14,1
PS-004089,APP-2025-0903,Technical Review,2025-10-14,2025-10-21,2
PS-004090,APP-2025-0903,Financial / Cost Review,2025-10-21,2025-10-26,3
PS-004091,APP-2025-0903,Final Assessment,2025-10-26,2025-10-28,4
PS-004092,APP-2025-0903,Decision,2025-10-28,2025-10-31,5
PS-004093,APP-2025-0904,Initial Screening,2025-11-13,2025-11-16,1
PS-004094,APP-2025-0904,Technical Review,2025-11-16,2025-11-27,2
PS-004095,APP-2025-0904,Financial / Cost Review,2025-11-27,2025-12-03,3
PS-004096,APP-2025-0904,Final Assessment,2025-12-03,2025-12-09,4
PS-004097,APP-2025-0904,Decision,2025-12-09,2025-12-11,5
PS-004098,APP-2025-0905,Initial Screening,2025-03-06,2025-03-08,1
PS-004099,APP-2025-0905,Technical Review,2025-03-08,,2
PS-004100,APP-2025-0906,Initial Screening,2025-05-17,2025-05-18,1
PS-004101,APP-2025-0906,Technical Review,2025-05-18,2025-05-27,2
PS-004102,APP-2025-0906,Financial / Cost Review,2025-05-27,2025-06-16,3
PS-004103,APP-2025-0906,Final Assessment,2025-06-16,2025-06-20,4
PS-004104,APP-2025-0906,Decision,2025-06-20,2025-06-22,5
PS-004105,APP-2025-0907,Initial Screening,2025-02-02,2025-02-06,1
PS-004106,APP-2025-0907,Technical Review,2025-02-06,,2
PS-004107,APP-2025-0908,Initial Screening,2025-10-04,2025-10-08,1
PS-004108,APP-2025-0908,Technical Review,2025-10-08,2025-10-17,2
PS-004109,APP-2025-0908,Financial / Cost Review,2025-10-17,2025-10-19,3
PS-004110,APP-2025-0908,Final Assessment,2025-10-19,2025-10-27,4
PS-004111,APP-2025-0908,Decision,2025-10-27,2025-10-29,5
PS-004112,APP-2025-0909,Initial Screening,2025-10-19,2025-10-22,1
PS-004113,APP-2025-0909,Technical Review,2025-10-22,2025-10-31,2
PS-004114,APP-2025-0909,Financial / Cost Review,2025-10-31,2025-11-04,3
PS-004115,APP-2025-0909,Final Assessment,2025-11-04,2025-11-07,4
PS-004116,APP-2025-0909,Decision,2025-11-07,2025-11-08,5
PS-004117,APP-2025-0910,Initial Screening,2025-08-31,2025-09-01,1
PS-004118,APP-2025-0910,Technical Review,2025-09-01,2025-09-25,2
PS-004119,APP-2025-0910,Financial / Cost Review,2025-09-25,,3
PS-004120,APP-2025-0911,Initial Screening,2025-05-04,2025-05-06,1
PS-004121,APP-2025-0911,Technical Review,2025-05-06,2025-05-12,2
PS-004122,APP-2025-0911,Financial / Cost Review,2025-05-12,2025-05-14,3
PS-004123,APP-2025-0911,Final Assessment,2025-05-14,2025-05-17,4
PS-004124,APP-2025-0911,Decision,2025-05-17,2025-05-18,5
PS-004125,APP-2025-0912,Initial Screening,2025-09-07,2025-09-09,1
PS-004126,APP-2025-0912,Technical Review,2025-09-09,2025-09-14,2
PS-004127,APP-2025-0912,Financial / Cost Review,2025-09-14,2025-09-17,3
PS-004128,APP-2025-0912,Final Assessment,2025-09-17,2025-09-19,4
PS-004129,APP-2025-0912,Decision,2025-09-19,2025-09-21,5
PS-004130,APP-2025-0913,Initial Screening,2025-05-28,2025-06-05,1
PS-004131,APP-2025-0913,Technical Review,2025-06-05,2025-06-17,2
PS-004132,APP-2025-0913,Financial / Cost Review,2025-06-17,2025-06-19,3
PS-004133,APP-2025-0913,Final Assessment,2025-06-19,2025-06-26,4
PS-004134,APP-2025-0913,Decision,2025-06-26,2025-06-27,5
PS-004135,APP-2025-0914,Initial Screening,2025-03-18,2025-03-20,1
PS-004136,APP-2025-0914,Technical Review,2025-03-20,2025-03-25,2
PS-004137,APP-2025-0914,Financial / Cost Review,2025-03-25,2025-03-26,3
PS-004138,APP-2025-0914,Final Assessment,2025-03-26,2025-03-30,4
PS-004139,APP-2025-0914,Decision,2025-03-30,2025-03-31,5
PS-004140,APP-2025-0915,Initial Screening,2025-06-21,2025-06-24,1
PS-004141,APP-2025-0915,Technical Review,2025-06-24,2025-06-27,2
PS-004142,APP-2025-0915,Financial / Cost Review,2025-06-27,2025-06-29,3
PS-004143,APP-2025-0915,Final Assessment,2025-06-29,2025-07-02,4
PS-004144,APP-2025-0915,Decision,2025-07-02,2025-07-03,5
PS-004145,APP-2025-0916,Initial Screening,2025-05-10,2025-05-12,1
PS-004146,APP-2025-0916,Technical Review,2025-05-12,2025-05-20,2
PS-004147,APP-2025-0916,Financial / Cost Review,2025-05-20,2025-05-25,3
PS-004148,APP-2025-0916,Final Assessment,2025-05-25,2025-05-26,4
PS-004149,APP-2025-0916,Decision,2025-05-26,2025-05-30,5
PS-004150,APP-2025-0917,Initial Screening,2025-03-17,2025-03-19,1
PS-004151,APP-2025-0917,Technical Review,2025-03-19,2025-03-30,2
PS-004152,APP-2025-0917,Financial / Cost Review,2025-03-30,2025-04-05,3
PS-004153,APP-2025-0917,Final Assessment,2025-04-05,,4
PS-004154,APP-2025-0918,Initial Screening,2025-06-07,2025-06-09,1
PS-004155,APP-2025-0918,Technical Review,2025-06-09,2025-06-18,2
PS-004156,APP-2025-0918,Financial / Cost Review,2025-06-18,2025-06-19,3
PS-004157,APP-2025-0918,Final Assessment,2025-06-19,2025-06-21,4
PS-004158,APP-2025-0918,Decision,2025-06-21,2025-06-25,5
PS-004159,APP-2025-0919,Initial Screening,2025-06-12,2025-06-19,1
PS-004160,APP-2025-0919,Technical Review,2025-06-19,2025-06-23,2
PS-004161,APP-2025-0919,Financial / Cost Review,2025-06-23,2025-06-24,3
PS-004162,APP-2025-0919,Final Assessment,2025-06-24,2025-06-26,4
PS-004163,APP-2025-0919,Decision,2025-06-26,2025-06-29,5
PS-004164,APP-2025-0920,Initial Screening,2025-03-28,2025-04-01,1
PS-004165,APP-2025-0920,Technical Review,2025-04-01,2025-04-06,2
PS-004166,APP-2025-0920,Financial / Cost Review,2025-04-06,2025-04-11,3
PS-004167,APP-2025-0920,Final Assessment,2025-04-11,2025-04-15,4
PS-004168,APP-2025-0920,Decision,2025-04-15,2025-04-16,5
PS-004169,APP-2025-0921,Initial Screening,2025-06-17,2025-06-19,1
PS-004170,APP-2025-0921,Technical Review,2025-06-19,2025-06-20,2
PS-004171,APP-2025-0921,Financial / Cost Review,2025-06-20,2025-06-24,3
PS-004172,APP-2025-0921,Final Assessment,2025-06-24,2025-06-26,4
PS-004173,APP-2025-0921,Decision,2025-06-26,2025-06-27,5
PS-004174,APP-2025-0922,Initial Screening,2025-10-29,2025-10-30,1
PS-004175,APP-2025-0922,Technical Review,2025-10-30,2025-11-02,2
PS-004176,APP-2025-0922,Financial / Cost Review,2025-11-02,2025-11-15,3
PS-004177,APP-2025-0922,Final Assessment,2025-11-15,2025-11-16,4
PS-004178,APP-2025-0922,Decision,2025-11-16,2025-11-20,5
PS-004179,APP-2025-0923,Initial Screening,2025-03-20,2025-03-21,1
PS-004180,APP-2025-0923,Technical Review,2025-03-21,2025-04-01,2
PS-004181,APP-2025-0923,Financial / Cost Review,2025-04-01,2025-04-03,3
PS-004182,APP-2025-0923,Final Assessment,2025-04-03,2025-04-06,4
PS-004183,APP-2025-0923,Decision,2025-04-06,2025-04-08,5
PS-004184,APP-2025-0924,Initial Screening,2025-10-08,2025-10-10,1
PS-004185,APP-2025-0924,Technical Review,2025-10-10,2025-10-26,2
PS-004186,APP-2025-0924,Financial / Cost Review,2025-10-26,2025-10-27,3
PS-004187,APP-2025-0924,Final Assessment,2025-10-27,2025-11-05,4
PS-004188,APP-2025-0924,Decision,2025-11-05,2025-11-08,5
PS-004189,APP-2025-0925,Initial Screening,2025-11-11,2025-11-12,1
PS-004190,APP-2025-0925,Technical Review,2025-11-12,2025-11-15,2
PS-004191,APP-2025-0925,Financial / Cost Review,2025-11-15,2025-11-22,3
PS-004192,APP-2025-0925,Final Assessment,2025-11-22,2025-11-24,4
PS-004193,APP-2025-0925,Decision,2025-11-24,2025-11-26,5
PS-004194,APP-2025-0926,Initial Screening,2025-11-19,2025-11-26,1
PS-004195,APP-2025-0926,Technical Review,2025-11-26,2025-12-12,2
PS-004196,APP-2025-0926,Financial / Cost Review,2025-12-12,2025-12-15,3
PS-004197,APP-2025-0926,Final Assessment,2025-12-15,2025-12-20,4
PS-004198,APP-2025-0926,Decision,2025-12-20,2025-12-22,5
PS-004199,APP-2025-0927,Initial Screening,2025-01-24,2025-01-26,1
PS-004200,APP-2025-0927,Technical Review,2025-01-26,2025-02-04,2
PS-004201,APP-2025-0927,Financial / Cost Review,2025-02-04,2025-02-07,3
PS-004202,APP-2025-0927,Final Assessment,2025-02-07,2025-02-08,4
PS-004203,APP-2025-0927,Decision,2025-02-08,2025-02-10,5
PS-004204,APP-2025-0928,Initial Screening,2025-08-28,2025-08-29,1
PS-004205,APP-2025-0928,Technical Review,2025-08-29,,2
PS-004206,APP-2025-0929,Initial Screening,2025-06-09,2025-06-10,1
PS-004207,APP-2025-0929,Technical Review,2025-06-10,2025-06-22,2
PS-004208,APP-2025-0929,Financial / Cost Review,2025-06-22,2025-06-24,3
PS-004209,APP-2025-0929,Final Assessment,2025-06-24,2025-06-26,4
PS-004210,APP-2025-0929,Decision,2025-06-26,2025-06-29,5
PS-004211,APP-2025-0930,Initial Screening,2025-08-22,2025-08-26,1
PS-004212,APP-2025-0930,Technical Review,2025-08-26,2025-09-10,2
PS-004213,APP-2025-0930,Financial / Cost Review,2025-09-10,2025-09-11,3
PS-004214,APP-2025-0930,Final Assessment,2025-09-11,,4
PS-004215,APP-2025-0931,Initial Screening,2025-12-22,2025-12-24,1
PS-004216,APP-2025-0931,Technical Review,2025-12-24,2025-12-26,2
PS-004217,APP-2025-0931,Financial / Cost Review,2025-12-26,2025-12-28,3
PS-004218,APP-2025-0931,Final Assessment,2025-12-28,2025-12-29,4
PS-004219,APP-2025-0931,Decision,2025-12-29,2026-01-01,5
PS-004220,APP-2025-0932,Initial Screening,2025-08-01,2025-08-04,1
PS-004221,APP-2025-0932,Technical Review,2025-08-04,2025-08-11,2
PS-004222,APP-2025-0932,Financial / Cost Review,2025-08-11,2025-08-22,3
PS-004223,APP-2025-0932,Final Assessment,2025-08-22,2025-09-03,4
PS-004224,APP-2025-0932,Decision,2025-09-03,2025-09-07,5
PS-004225,APP-2025-0933,Initial Screening,2025-09-04,2025-09-09,1
PS-004226,APP-2025-0933,Technical Review,2025-09-09,2025-09-20,2
PS-004227,APP-2025-0933,Financial / Cost Review,2025-09-20,2025-09-27,3
PS-004228,APP-2025-0933,Final Assessment,2025-09-27,2025-10-04,4
PS-004229,APP-2025-0933,Decision,2025-10-04,2025-10-07,5
PS-004230,APP-2025-0934,Initial Screening,2025-06-22,,1
PS-004231,APP-2025-0935,Initial Screening,2025-03-31,2025-04-01,1
PS-004232,APP-2025-0935,Technical Review,2025-04-01,2025-04-12,2
PS-004233,APP-2025-0935,Financial / Cost Review,2025-04-12,2025-04-15,3
PS-004234,APP-2025-0935,Final Assessment,2025-04-15,2025-04-18,4
PS-004235,APP-2025-0935,Decision,2025-04-18,2025-04-20,5
PS-004236,APP-2025-0936,Initial Screening,2025-02-28,,1
PS-004237,APP-2025-0937,Initial Screening,2025-02-25,2025-02-27,1
PS-004238,APP-2025-0937,Technical Review,2025-02-27,2025-03-08,2
PS-004239,APP-2025-0937,Financial / Cost Review,2025-03-08,2025-03-12,3
PS-004240,APP-2025-0937,Final Assessment,2025-03-12,2025-03-14,4
PS-004241,APP-2025-0937,Decision,2025-03-14,2025-03-15,5
PS-004242,APP-2025-0938,Initial Screening,2025-12-25,2025-12-27,1
PS-004243,APP-2025-0938,Technical Review,2025-12-27,2026-01-04,2
PS-004244,APP-2025-0938,Financial / Cost Review,2026-01-04,2026-01-13,3
PS-004245,APP-2025-0938,Final Assessment,2026-01-13,2026-01-15,4
PS-004246,APP-2025-0938,Decision,2026-01-15,2026-01-17,5
PS-004247,APP-2025-0939,Initial Screening,2025-07-24,2025-07-25,1
PS-004248,APP-2025-0939,Technical Review,2025-07-25,2025-08-08,2
PS-004249,APP-2025-0939,Financial / Cost Review,2025-08-08,2025-08-20,3
PS-004250,APP-2025-0939,Final Assessment,2025-08-20,2025-08-22,4
PS-004251,APP-2025-0939,Decision,2025-08-22,2025-08-26,5
PS-004252,APP-2025-0940,Initial Screening,2025-08-23,2025-08-24,1
PS-004253,APP-2025-0940,Technical Review,2025-08-24,2025-08-30,2
PS-004254,APP-2025-0940,Financial / Cost Review,2025-08-30,2025-08-31,3
PS-004255,APP-2025-0940,Final Assessment,2025-08-31,2025-09-02,4
PS-004256,APP-2025-0940,Decision,2025-09-02,2025-09-07,5
PS-004257,APP-2025-0941,Initial Screening,2025-09-22,2025-09-24,1
PS-004258,APP-2025-0941,Technical Review,2025-09-24,2025-09-30,2
PS-004259,APP-2025-0941,Financial / Cost Review,2025-09-30,2025-10-01,3
PS-004260,APP-2025-0941,Final Assessment,2025-10-01,2025-10-04,4
PS-004261,APP-2025-0941,Decision,2025-10-04,2025-10-05,5
PS-004262,APP-2025-0942,Initial Screening,2025-06-06,2025-06-10,1
PS-004263,APP-2025-0942,Technical Review,2025-06-10,,2
PS-004264,APP-2025-0943,Initial Screening,2025-01-22,2025-01-27,1
PS-004265,APP-2025-0943,Technical Review,2025-01-27,2025-02-01,2
PS-004266,APP-2025-0943,Financial / Cost Review,2025-02-01,,3
PS-004267,APP-2025-0944,Initial Screening,2025-10-02,2025-10-03,1
PS-004268,APP-2025-0944,Technical Review,2025-10-03,2025-10-10,2
PS-004269,APP-2025-0944,Financial / Cost Review,2025-10-10,2025-10-14,3
PS-004270,APP-2025-0944,Final Assessment,2025-10-14,2025-10-17,4
PS-004271,APP-2025-0944,Decision,2025-10-17,2025-10-18,5
PS-004272,APP-2025-0945,Initial Screening,2025-09-20,2025-09-22,1
PS-004273,APP-2025-0945,Technical Review,2025-09-22,2025-09-25,2
PS-004274,APP-2025-0945,Financial / Cost Review,2025-09-25,2025-09-26,3
PS-004275,APP-2025-0945,Final Assessment,2025-09-26,2025-09-29,4
PS-004276,APP-2025-0945,Decision,2025-09-29,2025-10-02,5
PS-004277,APP-2025-0946,Initial Screening,2025-06-12,2025-06-18,1
PS-004278,APP-2025-0946,Technical Review,2025-06-18,2025-06-29,2
PS-004279,APP-2025-0946,Financial / Cost Review,2025-06-29,2025-07-05,3
PS-004280,APP-2025-0946,Final Assessment,2025-07-05,2025-07-09,4
PS-004281,APP-2025-0946,Decision,2025-07-09,2025-07-12,5
PS-004282,APP-2025-0947,Initial Screening,2025-01-21,2025-01-27,1
PS-004283,APP-2025-0947,Technical Review,2025-01-27,,2
PS-004284,APP-2025-0948,Initial Screening,2025-05-08,2025-05-09,1
PS-004285,APP-2025-0948,Technical Review,2025-05-09,2025-05-26,2
PS-004286,APP-2025-0948,Financial / Cost Review,2025-05-26,2025-05-27,3
PS-004287,APP-2025-0948,Final Assessment,2025-05-27,2025-06-02,4
PS-004288,APP-2025-0948,Decision,2025-06-02,2025-06-03,5
PS-004289,APP-2025-0949,Initial Screening,2025-10-21,2025-10-26,1
PS-004290,APP-2025-0949,Technical Review,2025-10-26,2025-11-06,2
PS-004291,APP-2025-0949,Financial / Cost Review,2025-11-06,2025-11-12,3
PS-004292,APP-2025-0949,Final Assessment,2025-11-12,2025-11-18,4
PS-004293,APP-2025-0949,Decision,2025-11-18,2025-11-19,5
PS-004294,APP-2025-0950,Initial Screening,2025-02-21,2025-02-24,1
PS-004295,APP-2025-0950,Technical Review,2025-02-24,2025-03-03,2
PS-004296,APP-2025-0950,Financial / Cost Review,2025-03-03,2025-03-10,3
PS-004297,APP-2025-0950,Final Assessment,2025-03-10,2025-03-12,4
PS-004298,APP-2025-0950,Decision,2025-03-12,2025-03-15,5
PS-004299,APP-2025-0951,Initial Screening,2025-11-20,2025-11-21,1
PS-004300,APP-2025-0951,Technical Review,2025-11-21,2025-12-10,2
PS-004301,APP-2025-0951,Financial / Cost Review,2025-12-10,,3
PS-004302,APP-2025-0952,Initial Screening,2025-11-06,2025-11-08,1
PS-004303,APP-2025-0952,Technical Review,2025-11-08,,2
PS-004304,APP-2025-0953,Initial Screening,2025-07-29,2025-08-02,1
PS-004305,APP-2025-0953,Technical Review,2025-08-02,2025-08-09,2
PS-004306,APP-2025-0953,Financial / Cost Review,2025-08-09,2025-08-14,3
PS-004307,APP-2025-0953,Final Assessment,2025-08-14,2025-08-20,4
PS-004308,APP-2025-0953,Decision,2025-08-20,2025-08-23,5
PS-004309,APP-2025-0954,Initial Screening,2025-02-03,2025-02-04,1
PS-004310,APP-2025-0954,Technical Review,2025-02-04,2025-02-17,2
PS-004311,APP-2025-0954,Financial / Cost Review,2025-02-17,2025-02-19,3
PS-004312,APP-2025-0954,Final Assessment,2025-02-19,2025-02-25,4
PS-004313,APP-2025-0954,Decision,2025-02-25,2025-02-27,5
PS-004314,APP-2025-0955,Initial Screening,2025-10-11,2025-10-13,1
PS-004315,APP-2025-0955,Technical Review,2025-10-13,2025-10-14,2
PS-004316,APP-2025-0955,Financial / Cost Review,2025-10-14,2025-10-18,3
PS-004317,APP-2025-0955,Final Assessment,2025-10-18,2025-10-20,4
PS-004318,APP-2025-0955,Decision,2025-10-20,2025-10-22,5
PS-004319,APP-2025-0956,Initial Screening,2025-10-29,2025-10-30,1
PS-004320,APP-2025-0956,Technical Review,2025-10-30,2025-11-03,2
PS-004321,APP-2025-0956,Financial / Cost Review,2025-11-03,2025-11-04,3
PS-004322,APP-2025-0956,Final Assessment,2025-11-04,2025-11-07,4
PS-004323,APP-2025-0956,Decision,2025-11-07,2025-11-08,5
PS-004324,APP-2025-0957,Initial Screening,2025-03-23,2025-03-27,1
PS-004325,APP-2025-0957,Technical Review,2025-03-27,2025-04-22,2
PS-004326,APP-2025-0957,Financial / Cost Review,2025-04-22,2025-04-23,3
PS-004327,APP-2025-0957,Final Assessment,2025-04-23,2025-04-26,4
PS-004328,APP-2025-0957,Decision,2025-04-26,2025-04-27,5
PS-004329,APP-2025-0958,Initial Screening,2025-03-31,2025-04-01,1
PS-004330,APP-2025-0958,Technical Review,2025-04-01,2025-04-17,2
PS-004331,APP-2025-0958,Financial / Cost Review,2025-04-17,2025-04-21,3
PS-004332,APP-2025-0958,Final Assessment,2025-04-21,2025-04-22,4
PS-004333,APP-2025-0958,Decision,2025-04-22,2025-04-23,5
PS-004334,APP-2025-0959,Initial Screening,2025-04-01,2025-04-04,1
PS-004335,APP-2025-0959,Technical Review,2025-04-04,2025-04-19,2
PS-004336,APP-2025-0959,Financial / Cost Review,2025-04-19,2025-04-23,3
PS-004337,APP-2025-0959,Final Assessment,2025-04-23,2025-04-24,4
PS-004338,APP-2025-0959,Decision,2025-04-24,2025-04-25,5
PS-004339,APP-2025-0960,Initial Screening,2025-05-03,2025-05-05,1
PS-004340,APP-2025-0960,Technical Review,2025-05-05,2025-05-12,2
PS-004341,APP-2025-0960,Financial / Cost Review,2025-05-12,2025-05-14,3
PS-004342,APP-2025-0960,Final Assessment,2025-05-14,2025-05-20,4
PS-004343,APP-2025-0960,Decision,2025-05-20,2025-05-22,5
PS-004344,APP-2025-0961,Initial Screening,2025-05-03,2025-05-05,1
PS-004345,APP-2025-0961,Technical Review,2025-05-05,2025-05-17,2
PS-004346,APP-2025-0961,Financial / Cost Review,2025-05-17,2025-05-22,3
PS-004347,APP-2025-0961,Final Assessment,2025-05-22,2025-05-24,4
PS-004348,APP-2025-0961,Decision,2025-05-24,2025-05-26,5
PS-004349,APP-2025-0962,Initial Screening,2025-04-28,2025-04-29,1
PS-004350,APP-2025-0962,Technical Review,2025-04-29,2025-05-09,2
PS-004351,APP-2025-0962,Financial / Cost Review,2025-05-09,2025-05-12,3
PS-004352,APP-2025-0962,Final Assessment,2025-05-12,2025-05-14,4
PS-004353,APP-2025-0962,Decision,2025-05-14,2025-05-16,5
PS-004354,APP-2025-0963,Initial Screening,2025-10-14,2025-10-18,1
PS-004355,APP-2025-0963,Technical Review,2025-10-18,2025-10-25,2
PS-004356,APP-2025-0963,Financial / Cost Review,2025-10-25,2025-10-27,3
PS-004357,APP-2025-0963,Final Assessment,2025-10-27,2025-10-29,4
PS-004358,APP-2025-0963,Decision,2025-10-29,2025-11-01,5
PS-004359,APP-2025-0964,Initial Screening,2025-08-04,2025-08-05,1
PS-004360,APP-2025-0964,Technical Review,2025-08-05,2025-08-25,2
PS-004361,APP-2025-0964,Financial / Cost Review,2025-08-25,2025-08-27,3
PS-004362,APP-2025-0964,Final Assessment,2025-08-27,2025-08-28,4
PS-004363,APP-2025-0964,Decision,2025-08-28,2025-08-30,5
PS-004364,APP-2025-0965,Initial Screening,2025-03-24,2025-03-26,1
PS-004365,APP-2025-0965,Technical Review,2025-03-26,2025-04-03,2
PS-004366,APP-2025-0965,Financial / Cost Review,2025-04-03,2025-04-09,3
PS-004367,APP-2025-0965,Final Assessment,2025-04-09,2025-04-18,4
PS-004368,APP-2025-0965,Decision,2025-04-18,2025-04-20,5
PS-004369,APP-2025-0966,Initial Screening,2025-06-29,2025-07-02,1
PS-004370,APP-2025-0966,Technical Review,2025-07-02,2025-07-16,2
PS-004371,APP-2025-0966,Financial / Cost Review,2025-07-16,2025-07-22,3
PS-004372,APP-2025-0966,Final Assessment,2025-07-22,2025-07-26,4
PS-004373,APP-2025-0966,Decision,2025-07-26,2025-07-28,5
PS-004374,APP-2025-0967,Initial Screening,2025-06-12,2025-06-13,1
PS-004375,APP-2025-0967,Technical Review,2025-06-13,2025-06-22,2
PS-004376,APP-2025-0967,Financial / Cost Review,2025-06-22,,3
PS-004377,APP-2025-0968,Initial Screening,2025-09-16,2025-09-17,1
PS-004378,APP-2025-0968,Technical Review,2025-09-17,2025-09-29,2
PS-004379,APP-2025-0968,Financial / Cost Review,2025-09-29,2025-10-04,3
PS-004380,APP-2025-0968,Final Assessment,2025-10-04,2025-10-10,4
PS-004381,APP-2025-0968,Decision,2025-10-10,2025-10-12,5
PS-004382,APP-2025-0969,Initial Screening,2025-07-13,2025-07-15,1
PS-004383,APP-2025-0969,Technical Review,2025-07-15,2025-07-25,2
PS-004384,APP-2025-0969,Financial / Cost Review,2025-07-25,2025-07-27,3
PS-004385,APP-2025-0969,Final Assessment,2025-07-27,2025-07-30,4
PS-004386,APP-2025-0969,Decision,2025-07-30,2025-07-31,5
PS-004387,APP-2025-0970,Initial Screening,2025-01-03,2025-01-05,1
PS-004388,APP-2025-0970,Technical Review,2025-01-05,2025-01-15,2
PS-004389,APP-2025-0970,Financial / Cost Review,2025-01-15,2025-01-16,3
PS-004390,APP-2025-0970,Final Assessment,2025-01-16,2025-01-21,4
PS-004391,APP-2025-0970,Decision,2025-01-21,2025-01-23,5
PS-004392,APP-2025-0971,Initial Screening,2025-05-24,2025-05-26,1
PS-004393,APP-2025-0971,Technical Review,2025-05-26,2025-05-30,2
PS-004394,APP-2025-0971,Financial / Cost Review,2025-05-30,2025-06-02,3
PS-004395,APP-2025-0971,Final Assessment,2025-06-02,2025-06-05,4
PS-004396,APP-2025-0971,Decision,2025-06-05,2025-06-08,5
PS-004397,APP-2025-0972,Initial Screening,2025-02-05,2025-02-07,1
PS-004398,APP-2025-0972,Technical Review,2025-02-07,,2
PS-004399,APP-2025-0973,Initial Screening,2025-07-06,2025-07-07,1
PS-004400,APP-2025-0973,Technical Review,2025-07-07,2025-07-11,2
PS-004401,APP-2025-0973,Financial / Cost Review,2025-07-11,2025-07-16,3
PS-004402,APP-2025-0973,Final Assessment,2025-07-16,2025-07-17,4
PS-004403,APP-2025-0973,Decision,2025-07-17,2025-07-18,5
PS-004404,APP-2025-0974,Initial Screening,2025-05-21,2025-05-25,1
PS-004405,APP-2025-0974,Technical Review,2025-05-25,2025-06-10,2
PS-004406,APP-2025-0974,Financial / Cost Review,2025-06-10,2025-06-19,3
PS-004407,APP-2025-0974,Final Assessment,2025-06-19,2025-06-25,4
PS-004408,APP-2025-0974,Decision,2025-06-25,2025-06-30,5
PS-004409,APP-2025-0975,Initial Screening,2025-11-08,2025-11-10,1
PS-004410,APP-2025-0975,Technical Review,2025-11-10,2025-11-13,2
PS-004411,APP-2025-0975,Financial / Cost Review,2025-11-13,2025-11-18,3
PS-004412,APP-2025-0975,Final Assessment,2025-11-18,2025-11-22,4
PS-004413,APP-2025-0975,Decision,2025-11-22,2025-11-23,5
PS-004414,APP-2025-0976,Initial Screening,2025-08-14,2025-08-16,1
PS-004415,APP-2025-0976,Technical Review,2025-08-16,2025-08-23,2
PS-004416,APP-2025-0976,Financial / Cost Review,2025-08-23,2025-08-28,3
PS-004417,APP-2025-0976,Final Assessment,2025-08-28,2025-08-30,4
PS-004418,APP-2025-0976,Decision,2025-08-30,2025-08-31,5
PS-004419,APP-2025-0977,Initial Screening,2025-03-28,2025-03-31,1
PS-004420,APP-2025-0977,Technical Review,2025-03-31,2025-04-06,2
PS-004421,APP-2025-0977,Financial / Cost Review,2025-04-06,2025-04-12,3
PS-004422,APP-2025-0977,Final Assessment,2025-04-12,2025-04-13,4
PS-004423,APP-2025-0977,Decision,2025-04-13,2025-04-17,5
PS-004424,APP-2025-0978,Initial Screening,2025-01-11,2025-01-12,1
PS-004425,APP-2025-0978,Technical Review,2025-01-12,2025-01-30,2
PS-004426,APP-2025-0978,Financial / Cost Review,2025-01-30,2025-02-10,3
PS-004427,APP-2025-0978,Final Assessment,2025-02-10,2025-02-12,4
PS-004428,APP-2025-0978,Decision,2025-02-12,2025-02-13,5
PS-004429,APP-2025-0979,Initial Screening,2025-07-01,2025-07-03,1
PS-004430,APP-2025-0979,Technical Review,2025-07-03,2025-07-10,2
PS-004431,APP-2025-0979,Financial / Cost Review,2025-07-10,2025-07-21,3
PS-004432,APP-2025-0979,Final Assessment,2025-07-21,2025-07-24,4
PS-004433,APP-2025-0979,Decision,2025-07-24,2025-07-27,5
PS-004434,APP-2025-0980,Initial Screening,2025-07-27,2025-08-01,1
PS-004435,APP-2025-0980,Technical Review,2025-08-01,2025-08-15,2
PS-004436,APP-2025-0980,Financial / Cost Review,2025-08-15,2025-08-18,3
PS-004437,APP-2025-0980,Final Assessment,2025-08-18,2025-08-22,4
PS-004438,APP-2025-0980,Decision,2025-08-22,2025-08-24,5
PS-004439,APP-2025-0981,Initial Screening,2025-08-01,2025-08-05,1
PS-004440,APP-2025-0981,Technical Review,2025-08-05,2025-08-11,2
PS-004441,APP-2025-0981,Financial / Cost Review,2025-08-11,2025-08-14,3
PS-004442,APP-2025-0981,Final Assessment,2025-08-14,2025-08-18,4
PS-004443,APP-2025-0981,Decision,2025-08-18,2025-08-22,5
PS-004444,APP-2025-0982,Initial Screening,2025-06-27,2025-06-28,1
PS-004445,APP-2025-0982,Technical Review,2025-06-28,2025-07-01,2
PS-004446,APP-2025-0982,Financial / Cost Review,2025-07-01,2025-07-03,3
PS-004447,APP-2025-0982,Final Assessment,2025-07-03,,4
PS-004448,APP-2025-0983,Initial Screening,2025-12-29,2025-12-30,1
PS-004449,APP-2025-0983,Technical Review,2025-12-30,,2
PS-004450,APP-2025-0984,Initial Screening,2025-05-08,2025-05-09,1
PS-004451,APP-2025-0984,Technical Review,2025-05-09,2025-05-19,2
PS-004452,APP-2025-0984,Financial / Cost Review,2025-05-19,2025-05-24,3
PS-004453,APP-2025-0984,Final Assessment,2025-05-24,2025-05-28,4
PS-004454,APP-2025-0984,Decision,2025-05-28,2025-05-31,5
PS-004455,APP-2025-0985,Initial Screening,2025-03-09,2025-03-12,1
PS-004456,APP-2025-0985,Technical Review,2025-03-12,2025-03-20,2
PS-004457,APP-2025-0985,Financial / Cost Review,2025-03-20,2025-03-22,3
PS-004458,APP-2025-0985,Final Assessment,2025-03-22,2025-03-23,4
PS-004459,APP-2025-0985,Decision,2025-03-23,2025-03-24,5
PS-004460,APP-2025-0986,Initial Screening,2025-12-27,2025-12-31,1
PS-004461,APP-2025-0986,Technical Review,2025-12-31,2026-01-18,2
PS-004462,APP-2025-0986,Financial / Cost Review,2026-01-18,2026-01-22,3
PS-004463,APP-2025-0986,Final Assessment,2026-01-22,2026-01-24,4
PS-004464,APP-2025-0986,Decision,2026-01-24,2026-01-25,5
PS-004465,APP-2025-0987,Initial Screening,2025-06-24,2025-07-02,1
PS-004466,APP-2025-0987,Technical Review,2025-07-02,2025-07-06,2
PS-004467,APP-2025-0987,Financial / Cost Review,2025-07-06,2025-07-14,3
PS-004468,APP-2025-0987,Final Assessment,2025-07-14,2025-07-16,4
PS-004469,APP-2025-0987,Decision,2025-07-16,2025-07-17,5
PS-004470,APP-2025-0988,Initial Screening,2025-07-20,2025-07-23,1
PS-004471,APP-2025-0988,Technical Review,2025-07-23,2025-07-29,2
PS-004472,APP-2025-0988,Financial / Cost Review,2025-07-29,2025-08-02,3
PS-004473,APP-2025-0988,Final Assessment,2025-08-02,2025-08-05,4
PS-004474,APP-2025-0988,Decision,2025-08-05,2025-08-06,5
PS-004475,APP-2025-0989,Initial Screening,2025-04-23,2025-04-24,1
PS-004476,APP-2025-0989,Technical Review,2025-04-24,2025-04-27,2
PS-004477,APP-2025-0989,Financial / Cost Review,2025-04-27,2025-05-02,3
PS-004478,APP-2025-0989,Final Assessment,2025-05-02,2025-05-06,4
PS-004479,APP-2025-0989,Decision,2025-05-06,2025-05-08,5
PS-004480,APP-2025-0990,Initial Screening,2025-03-26,,1
PS-004481,APP-2025-0991,Initial Screening,2025-10-01,2025-10-02,1
PS-004482,APP-2025-0991,Technical Review,2025-10-02,2025-10-10,2
PS-004483,APP-2025-0991,Financial / Cost Review,2025-10-10,2025-10-11,3
PS-004484,APP-2025-0991,Final Assessment,2025-10-11,2025-10-12,4
PS-004485,APP-2025-0991,Decision,2025-10-12,2025-10-15,5
PS-004486,APP-2025-0992,Initial Screening,2025-04-24,2025-04-26,1
PS-004487,APP-2025-0992,Technical Review,2025-04-26,2025-05-03,2
PS-004488,APP-2025-0992,Financial / Cost Review,2025-05-03,2025-05-04,3
PS-004489,APP-2025-0992,Final Assessment,2025-05-04,2025-05-05,4
PS-004490,APP-2025-0992,Decision,2025-05-05,2025-05-06,5
PS-004491,APP-2025-0993,Initial Screening,2025-09-15,2025-09-17,1
PS-004492,APP-2025-0993,Technical Review,2025-09-17,2025-09-23,2
PS-004493,APP-2025-0993,Financial / Cost Review,2025-09-23,,3
PS-004494,APP-2025-0994,Initial Screening,2025-01-12,2025-01-21,1
PS-004495,APP-2025-0994,Technical Review,2025-01-21,2025-01-24,2
PS-004496,APP-2025-0994,Financial / Cost Review,2025-01-24,2025-02-02,3
PS-004497,APP-2025-0994,Final Assessment,2025-02-02,2025-02-03,4
PS-004498,APP-2025-0994,Decision,2025-02-03,2025-02-04,5
PS-004499,APP-2025-0995,Initial Screening,2025-05-29,2025-05-31,1
PS-004500,APP-2025-0995,Technical Review,2025-05-31,2025-06-01,2
PS-004501,APP-2025-0995,Financial / Cost Review,2025-06-01,2025-06-13,3
PS-004502,APP-2025-0995,Final Assessment,2025-06-13,2025-06-23,4
PS-004503,APP-2025-0995,Decision,2025-06-23,2025-06-24,5
PS-004504,APP-2025-0996,Initial Screening,2025-08-14,,1
PS-004505,APP-2025-0997,Initial Screening,2025-10-28,2025-10-29,1
PS-004506,APP-2025-0997,Technical Review,2025-10-29,2025-11-06,2
PS-004507,APP-2025-0997,Financial / Cost Review,2025-11-06,2025-11-07,3
PS-004508,APP-2025-0997,Final Assessment,2025-11-07,2025-11-10,4
PS-004509,APP-2025-0997,Decision,2025-11-10,2025-11-11,5
PS-004510,APP-2025-0998,Initial Screening,2025-04-11,2025-04-13,1
PS-004511,APP-2025-0998,Technical Review,2025-04-13,2025-04-22,2
PS-004512,APP-2025-0998,Financial / Cost Review,2025-04-22,2025-04-26,3
PS-004513,APP-2025-0998,Final Assessment,2025-04-26,2025-05-04,4
PS-004514,APP-2025-0998,Decision,2025-05-04,2025-05-07,5
PS-004515,APP-2025-0999,Initial Screening,2025-11-28,2025-11-29,1
PS-004516,APP-2025-0999,Technical Review,2025-11-29,2025-12-02,2
PS-004517,APP-2025-0999,Financial / Cost Review,2025-12-02,2025-12-03,3
PS-004518,APP-2025-0999,Final Assessment,2025-12-03,,4
PS-004519,APP-2025-1000,Initial Screening,2025-06-20,2025-06-26,1
PS-004520,APP-2025-1000,Technical Review,2025-06-26,2025-07-08,2
PS-004521,APP-2025-1000,Financial / Cost Review,2025-07-08,2025-07-11,3
PS-004522,APP-2025-1000,Final Assessment,2025-07-11,2025-07-17,4
PS-004523,APP-2025-1000,Decision,2025-07-17,2025-07-21,5
